-- MariaDB dump 10.19  Distrib 10.4.32-MariaDB, for Win64 (AMD64)
--
-- Host: localhost    Database: cms01
-- ------------------------------------------------------
-- Server version	10.4.32-MariaDB

/*!40101 SET @OLD_CHARACTER_SET_CLIENT=@@CHARACTER_SET_CLIENT */;
/*!40101 SET @OLD_CHARACTER_SET_RESULTS=@@CHARACTER_SET_RESULTS */;
/*!40101 SET @OLD_COLLATION_CONNECTION=@@COLLATION_CONNECTION */;
/*!40101 SET NAMES utf8mb4 */;
/*!40103 SET @OLD_TIME_ZONE=@@TIME_ZONE */;
/*!40103 SET TIME_ZONE='+00:00' */;
/*!40014 SET @OLD_UNIQUE_CHECKS=@@UNIQUE_CHECKS, UNIQUE_CHECKS=0 */;
/*!40014 SET @OLD_FOREIGN_KEY_CHECKS=@@FOREIGN_KEY_CHECKS, FOREIGN_KEY_CHECKS=0 */;
/*!40101 SET @OLD_SQL_MODE=@@SQL_MODE, SQL_MODE='NO_AUTO_VALUE_ON_ZERO' */;
/*!40111 SET @OLD_SQL_NOTES=@@SQL_NOTES, SQL_NOTES=0 */;

--
-- Table structure for table `bag_packages`
--

DROP TABLE IF EXISTS `bag_packages`;
/*!40101 SET @saved_cs_client     = @@character_set_client */;
/*!40101 SET character_set_client = utf8 */;
CREATE TABLE `bag_packages` (
  `id` int(11) NOT NULL AUTO_INCREMENT,
  `bag_id` int(11) NOT NULL,
  `package_id` int(11) NOT NULL,
  `scanned_by` int(11) DEFAULT NULL,
  `scanned_at` datetime NOT NULL DEFAULT current_timestamp(),
  PRIMARY KEY (`id`),
  UNIQUE KEY `unique_bag_package` (`bag_id`,`package_id`),
  KEY `idx_bag_id` (`bag_id`),
  KEY `idx_package_id` (`package_id`),
  CONSTRAINT `fk_bag_packages_bag` FOREIGN KEY (`bag_id`) REFERENCES `bags` (`id`) ON DELETE CASCADE,
  CONSTRAINT `fk_bag_packages_package` FOREIGN KEY (`package_id`) REFERENCES `packages` (`id`) ON DELETE CASCADE
) ENGINE=InnoDB AUTO_INCREMENT=13 DEFAULT CHARSET=utf8mb4 COLLATE=utf8mb4_unicode_ci;
/*!40101 SET character_set_client = @saved_cs_client */;

--
-- Dumping data for table `bag_packages`
--

LOCK TABLES `bag_packages` WRITE;
/*!40000 ALTER TABLE `bag_packages` DISABLE KEYS */;
INSERT INTO `bag_packages` VALUES (7,4,199,1,'2026-02-22 22:13:32'),(8,4,198,1,'2026-02-22 22:13:36'),(9,4,197,1,'2026-02-22 22:13:39'),(10,4,196,1,'2026-02-22 22:13:43'),(11,4,195,1,'2026-02-22 22:13:46'),(12,4,194,1,'2026-02-22 22:13:52');
/*!40000 ALTER TABLE `bag_packages` ENABLE KEYS */;
UNLOCK TABLES;

--
-- Table structure for table `bags`
--

DROP TABLE IF EXISTS `bags`;
/*!40101 SET @saved_cs_client     = @@character_set_client */;
/*!40101 SET character_set_client = utf8 */;
CREATE TABLE `bags` (
  `id` int(11) NOT NULL AUTO_INCREMENT,
  `bag_code` varchar(50) NOT NULL DEFAULT '',
  `status` enum('open','sealed','shipping','arrived') NOT NULL DEFAULT 'open',
  `total_packages` int(11) NOT NULL DEFAULT 0,
  `total_weight` decimal(10,2) NOT NULL DEFAULT 0.00,
  `domestic_cost` decimal(12,0) NOT NULL DEFAULT 0,
  `custom_rate_kg` decimal(12,0) DEFAULT NULL,
  `custom_rate_cbm` decimal(12,0) DEFAULT NULL,
  `length_cm` decimal(10,2) DEFAULT 0.00,
  `width_cm` decimal(10,2) DEFAULT 0.00,
  `height_cm` decimal(10,2) DEFAULT 0.00,
  `weight_volume` decimal(10,2) DEFAULT 0.00,
  `shipping_method` varchar(20) NOT NULL DEFAULT 'road',
  `note` text DEFAULT NULL,
  `images` text DEFAULT NULL,
  `created_by` int(11) DEFAULT NULL,
  `sealed_by` int(11) DEFAULT NULL,
  `sealed_date` datetime DEFAULT NULL,
  `create_date` datetime NOT NULL DEFAULT current_timestamp(),
  `update_date` datetime NOT NULL DEFAULT current_timestamp() ON UPDATE current_timestamp(),
  PRIMARY KEY (`id`),
  UNIQUE KEY `bag_code` (`bag_code`)
) ENGINE=InnoDB AUTO_INCREMENT=5 DEFAULT CHARSET=utf8mb4 COLLATE=utf8mb4_unicode_ci;
/*!40101 SET character_set_client = @saved_cs_client */;

--
-- Dumping data for table `bags`
--

LOCK TABLES `bags` WRITE;
/*!40000 ALTER TABLE `bags` DISABLE KEYS */;
INSERT INTO `bags` VALUES (1,'BAO-20260222-001','shipping',2,0.00,0,NULL,NULL,0.00,0.00,0.00,0.00,'road','',NULL,1,1,'2026-02-22 11:04:18','2026-02-22 10:53:37','2026-02-22 11:04:24'),(4,'DSFSDF33','sealed',6,50.00,200,NULL,NULL,100.00,100.00,100.00,1.00,'road','','uploads/bags/20260222_231401_93ec0f72.jpg',1,1,'2026-02-22 23:14:18','2026-02-22 22:13:21','2026-02-23 10:26:04');
/*!40000 ALTER TABLE `bags` ENABLE KEYS */;
UNLOCK TABLES;

--
-- Table structure for table `banned_ips`
--

DROP TABLE IF EXISTS `banned_ips`;
/*!40101 SET @saved_cs_client     = @@character_set_client */;
/*!40101 SET character_set_client = utf8 */;
CREATE TABLE `banned_ips` (
  `id` int(11) NOT NULL AUTO_INCREMENT,
  `ip` varchar(45) NOT NULL,
  `attempts` int(11) DEFAULT 0,
  `banned` tinyint(1) NOT NULL DEFAULT 1,
  `reason` text DEFAULT NULL,
  `create_gettime` datetime DEFAULT current_timestamp(),
  PRIMARY KEY (`id`),
  KEY `idx_ip_banned` (`ip`,`banned`)
) ENGINE=InnoDB DEFAULT CHARSET=utf8mb4 COLLATE=utf8mb4_unicode_ci;
/*!40101 SET character_set_client = @saved_cs_client */;

--
-- Dumping data for table `banned_ips`
--

LOCK TABLES `banned_ips` WRITE;
/*!40000 ALTER TABLE `banned_ips` DISABLE KEYS */;
/*!40000 ALTER TABLE `banned_ips` ENABLE KEYS */;
UNLOCK TABLES;

--
-- Table structure for table `customers`
--

DROP TABLE IF EXISTS `customers`;
/*!40101 SET @saved_cs_client     = @@character_set_client */;
/*!40101 SET character_set_client = utf8 */;
CREATE TABLE `customers` (
  `id` int(11) NOT NULL AUTO_INCREMENT,
  `customer_code` varchar(20) NOT NULL,
  `fullname` varchar(255) NOT NULL,
  `phone` varchar(20) DEFAULT NULL,
  `email` varchar(255) DEFAULT NULL,
  `address_vn` text DEFAULT NULL,
  `address_cn` text DEFAULT NULL,
  `zalo` varchar(50) DEFAULT NULL,
  `wechat` varchar(50) DEFAULT NULL,
  `customer_type` enum('normal','vip','agent') NOT NULL DEFAULT 'normal',
  `total_orders` int(11) NOT NULL DEFAULT 0,
  `total_spent` decimal(15,2) NOT NULL DEFAULT 0.00,
  `balance` decimal(15,2) NOT NULL DEFAULT 0.00,
  `note` text DEFAULT NULL,
  `user_id` int(11) DEFAULT NULL,
  `created_by` int(11) DEFAULT NULL,
  `create_date` datetime DEFAULT current_timestamp(),
  `update_date` datetime DEFAULT current_timestamp() ON UPDATE current_timestamp(),
  PRIMARY KEY (`id`),
  UNIQUE KEY `customer_code` (`customer_code`),
  KEY `idx_customer_code` (`customer_code`),
  KEY `idx_phone` (`phone`),
  KEY `idx_customer_type` (`customer_type`)
) ENGINE=InnoDB AUTO_INCREMENT=4 DEFAULT CHARSET=utf8mb4 COLLATE=utf8mb4_unicode_ci;
/*!40101 SET character_set_client = @saved_cs_client */;

--
-- Dumping data for table `customers`
--

LOCK TABLES `customers` WRITE;
/*!40000 ALTER TABLE `customers` DISABLE KEYS */;
INSERT INTO `customers` VALUES (1,'KH0002','Thai','123456789','','Lạng Sơn',NULL,'','','normal',0,0.00,0.00,'',NULL,1,'2026-02-21 23:23:08','2026-02-22 11:26:19'),(2,'KH0003','Hung','0664361703','','',NULL,'','','normal',3,0.00,0.00,'',NULL,1,'2026-02-22 09:41:25','2026-02-22 19:52:20'),(3,'KH0004','Quang','032629595','','',NULL,'','','normal',1,0.00,0.00,'',NULL,1,'2026-02-22 16:54:41','2026-02-22 16:55:04');
/*!40000 ALTER TABLE `customers` ENABLE KEYS */;
UNLOCK TABLES;

--
-- Table structure for table `failed_attempts`
--

DROP TABLE IF EXISTS `failed_attempts`;
/*!40101 SET @saved_cs_client     = @@character_set_client */;
/*!40101 SET character_set_client = utf8 */;
CREATE TABLE `failed_attempts` (
  `id` int(11) NOT NULL AUTO_INCREMENT,
  `ip_address` varchar(45) NOT NULL,
  `attempts` int(11) NOT NULL DEFAULT 1,
  `type` varchar(30) NOT NULL,
  `create_gettime` datetime DEFAULT current_timestamp(),
  PRIMARY KEY (`id`),
  KEY `idx_ip_type` (`ip_address`,`type`)
) ENGINE=InnoDB AUTO_INCREMENT=5 DEFAULT CHARSET=utf8mb4 COLLATE=utf8mb4_unicode_ci;
/*!40101 SET character_set_client = @saved_cs_client */;

--
-- Dumping data for table `failed_attempts`
--

LOCK TABLES `failed_attempts` WRITE;
/*!40000 ALTER TABLE `failed_attempts` DISABLE KEYS */;
/*!40000 ALTER TABLE `failed_attempts` ENABLE KEYS */;
UNLOCK TABLES;

--
-- Table structure for table `languages`
--

DROP TABLE IF EXISTS `languages`;
/*!40101 SET @saved_cs_client     = @@character_set_client */;
/*!40101 SET character_set_client = utf8 */;
CREATE TABLE `languages` (
  `id` int(11) NOT NULL AUTO_INCREMENT,
  `lang` varchar(5) NOT NULL,
  `name` varchar(50) NOT NULL,
  `lang_default` tinyint(1) NOT NULL DEFAULT 0,
  `status` tinyint(1) NOT NULL DEFAULT 1,
  PRIMARY KEY (`id`),
  UNIQUE KEY `lang` (`lang`)
) ENGINE=InnoDB AUTO_INCREMENT=4 DEFAULT CHARSET=utf8mb4 COLLATE=utf8mb4_unicode_ci;
/*!40101 SET character_set_client = @saved_cs_client */;

--
-- Dumping data for table `languages`
--

LOCK TABLES `languages` WRITE;
/*!40000 ALTER TABLE `languages` DISABLE KEYS */;
INSERT INTO `languages` VALUES (1,'vi','Tiếng Việt',1,1),(2,'zh','中文',0,1),(3,'en','English',0,1);
/*!40000 ALTER TABLE `languages` ENABLE KEYS */;
UNLOCK TABLES;

--
-- Table structure for table `logs`
--

DROP TABLE IF EXISTS `logs`;
/*!40101 SET @saved_cs_client     = @@character_set_client */;
/*!40101 SET character_set_client = utf8 */;
CREATE TABLE `logs` (
  `id` int(11) NOT NULL AUTO_INCREMENT,
  `user_id` int(11) DEFAULT NULL,
  `action` varchar(100) NOT NULL,
  `description` text DEFAULT NULL,
  `ip` varchar(45) DEFAULT NULL,
  `create_date` datetime DEFAULT current_timestamp(),
  PRIMARY KEY (`id`),
  KEY `idx_user_id` (`user_id`),
  KEY `idx_action` (`action`)
) ENGINE=InnoDB AUTO_INCREMENT=142 DEFAULT CHARSET=utf8mb4 COLLATE=utf8mb4_unicode_ci;
/*!40101 SET character_set_client = @saved_cs_client */;

--
-- Dumping data for table `logs`
--

LOCK TABLES `logs` WRITE;
/*!40000 ALTER TABLE `logs` DISABLE KEYS */;
INSERT INTO `logs` VALUES (1,1,'LOGIN','Admin login successful','::1','2026-02-21 22:49:52'),(2,0,'Cập nhật cài đặt hệ thống','','::1','2026-02-21 22:56:30'),(3,0,'Thêm khách hàng: KH0002 - Thai','','::1','2026-02-21 23:23:08'),(4,0,'Tạo đơn hàng: DH202602211247','','::1','2026-02-21 23:24:45'),(5,0,'Tạo đơn hàng: DH202602211203','','::1','2026-02-21 23:47:32'),(6,0,'Tạo đơn hàng: DH202602215028','','::1','2026-02-21 23:47:38'),(7,0,'Tạo đơn hàng: DH202602217987','','::1','2026-02-21 23:48:13'),(8,0,'Tạo đơn hàng: DH202602219346','','::1','2026-02-21 23:49:18'),(9,0,'Tạo đơn hàng: DH202602217999','','::1','2026-02-21 23:49:39'),(10,0,'Tạo đơn hàng: DH202602218619','','::1','2026-02-21 23:51:02'),(11,0,'Tạo đơn hàng: DH202602210582','','::1','2026-02-21 23:51:10'),(12,0,'Tạo đơn hàng: DH202602217764','','::1','2026-02-21 23:55:16'),(13,0,'Tạo đơn hàng: DH202602212960','','::1','2026-02-21 23:55:34'),(14,0,'Tạo đơn hàng: DH202602213683','','::1','2026-02-21 23:55:53'),(15,0,'Tạo đơn hàng: DH202602217224','','::1','2026-02-21 23:55:59'),(16,0,'Tạo đơn hàng: DH202602212948','','::1','2026-02-21 23:58:42'),(17,0,'Tạo đơn hàng: DH202602210685','','::1','2026-02-21 23:59:33'),(18,0,'Tạo đơn hàng: DH202602218541','','::1','2026-02-21 23:59:37'),(19,0,'Tạo đơn hàng: 000012','','::1','2026-02-22 09:32:21'),(20,0,'Thêm khách hàng: KH0003 - Thai','','::1','2026-02-22 09:41:25'),(21,0,'Tạo đơn hàng: 000013','','::1','2026-02-22 09:41:28'),(22,0,'Tạo đơn hàng: 000014','','::1','2026-02-22 09:49:50'),(23,0,'Tạo đơn hàng: 000015','','::1','2026-02-22 09:49:52'),(24,0,'Đổi trạng thái đơn 000015: cn_warehouse → shipping','','::1','2026-02-22 09:50:42'),(25,0,'Đổi trạng thái đơn 000014: cn_warehouse → shipping','','::1','2026-02-22 09:50:42'),(26,0,'Đổi trạng thái đơn 000013: cn_warehouse → shipping','','::1','2026-02-22 09:50:42'),(27,0,'Đổi trạng thái đơn 000012: cn_warehouse → shipping','','::1','2026-02-22 09:50:42'),(28,0,'Xuất danh sách hàng (4 đơn)','','::1','2026-02-22 09:54:09'),(29,0,'Xuất danh sách hàng (8 đơn)','','::1','2026-02-22 09:55:18'),(30,0,'Xuất danh sách hàng (4 đơn)','','::1','2026-02-22 09:57:42'),(31,0,'Tạo đơn hàng: 000016','','::1','2026-02-22 10:07:51'),(32,0,'Tạo đơn hàng: 000017','','::1','2026-02-22 10:09:08'),(33,0,'Xóa đơn hàng: 000016','','::1','2026-02-22 10:20:12'),(34,0,'Xóa đơn hàng: DH202602218541','','::1','2026-02-22 10:20:17'),(35,0,'Xóa đơn hàng: DH202602210685','','::1','2026-02-22 10:20:21'),(36,0,'Sửa khách hàng: KH0003','','::1','2026-02-22 10:48:50'),(37,0,'Tạo bao hàng: BAO-20260222-001','','::1','2026-02-22 10:53:37'),(38,0,'Sửa đơn hàng #14','','::1','2026-02-22 10:54:05'),(39,0,'Sửa đơn hàng #12','','::1','2026-02-22 10:56:45'),(40,0,'Tạo đơn hàng: 000018','','::1','2026-02-22 10:57:24'),(41,0,'Tạo đơn hàng: 000019','','::1','2026-02-22 10:57:27'),(42,0,'Tạo đơn hàng: 000020','','::1','2026-02-22 10:57:29'),(43,0,'Tạo bao hàng: LDOFNK02','','::1','2026-02-22 11:04:09'),(44,0,'Đóng bao: BAO-20260222-001 (2 kiện)','','::1','2026-02-22 11:04:18'),(45,0,'Xuất vận chuyển bao: BAO-20260222-001','','::1','2026-02-22 11:04:24'),(46,0,'Đóng bao: LDOFNK02 (1 kiện)','','::1','2026-02-22 11:05:47'),(47,0,'Xóa đơn hàng: DH202602211247','','::1','2026-02-22 11:18:43'),(48,0,'Xóa kiện PKG20260221001','','::1','2026-02-22 11:19:46'),(49,0,'Xóa kiện PKG20260221002','','::1','2026-02-22 11:19:48'),(50,0,'Xóa kiện PKG20260221003','','::1','2026-02-22 11:19:50'),(51,0,'Mở lại bao: LDOFNK02','','::1','2026-02-22 11:23:31'),(52,0,'Xóa đơn hàng: 000017','','::1','2026-02-22 11:26:19'),(53,0,'Đổi trạng thái đơn 000020: shipping → cn_warehouse','','::1','2026-02-22 11:32:36'),(54,0,'Đổi trạng thái đơn 000019: shipping → cn_warehouse','','::1','2026-02-22 11:32:36'),(55,0,'Sửa đơn hàng #20','','::1','2026-02-22 11:35:27'),(56,0,'Đổi trạng thái đơn 000020: cn_warehouse → pending','','::1','2026-02-22 11:49:11'),(57,0,'Đổi trạng thái đơn 000020: pending → cn_warehouse','','::1','2026-02-22 11:50:18'),(58,0,'Tạo kiện ','','::1','2026-02-22 12:10:51'),(59,0,'Tạo kiện ','','::1','2026-02-22 12:10:54'),(60,0,'Tạo kiện ','','::1','2026-02-22 12:10:56'),(61,0,'Tạo kiện ','','::1','2026-02-22 12:11:08'),(62,0,'Tạo kiện ','','::1','2026-02-22 12:11:20'),(63,0,'Tạo kiện ','','::1','2026-02-22 12:11:45'),(64,0,'Tạo kiện ','','::1','2026-02-22 12:12:06'),(65,0,'Tạo kiện #88','','::1','2026-02-22 12:20:56'),(66,0,'Tạo đơn hàng: 000021','','::1','2026-02-22 16:54:20'),(67,0,'Thêm khách hàng: KH0004 - Quang','','::1','2026-02-22 16:54:41'),(68,0,'Tạo đơn hàng: 000022','','::1','2026-02-22 16:55:04'),(69,0,'Đổi trạng thái đơn 000022: cn_warehouse → shipping','','::1','2026-02-22 17:10:44'),(70,0,'Đổi trạng thái đơn 000022: shipping → cn_warehouse','','::1','2026-02-22 17:10:52'),(71,0,'Sửa đơn hàng #22','','::1','2026-02-22 17:19:19'),(72,0,'Sửa đơn hàng #22','','::1','2026-02-22 17:20:26'),(73,0,'Sửa đơn hàng #21','','::1','2026-02-22 17:20:37'),(74,0,'Đổi trạng thái đơn 000022: cn_warehouse → shipping','','::1','2026-02-22 17:29:55'),(75,0,'Đổi trạng thái đơn 000022: shipping → cn_warehouse','','::1','2026-02-22 19:45:54'),(76,0,'Đổi trạng thái đơn 000022: cn_warehouse → shipping','','::1','2026-02-22 19:46:21'),(77,0,'Đổi trạng thái đơn 000022: shipping → cn_warehouse','','::1','2026-02-22 19:46:54'),(78,0,'Đổi trạng thái đơn 000022: cn_warehouse → shipping','','::1','2026-02-22 19:47:07'),(79,0,'Đổi trạng thái đơn 000022: shipping → cn_warehouse','','::1','2026-02-22 19:47:37'),(80,0,'Đổi trạng thái đơn 000021: cn_warehouse → shipping','','::1','2026-02-22 19:50:26'),(81,0,'Đổi trạng thái đơn 000021: shipping → cn_warehouse','','::1','2026-02-22 19:50:35'),(82,0,'Tạo đơn hàng: 000023','','::1','2026-02-22 19:52:20'),(83,0,'Xóa đơn hàng: 000020','','::1','2026-02-22 20:25:22'),(84,0,'Xóa đơn hàng: 000018','','::1','2026-02-22 20:25:25'),(85,0,'Xóa đơn hàng: 000015','','::1','2026-02-22 20:25:29'),(86,0,'Sửa đơn hàng #13','','::1','2026-02-22 20:25:43'),(87,0,'Đổi trạng thái đơn 000022: shipping → cn_warehouse','','::1','2026-02-22 20:26:59'),(88,0,'Đổi trạng thái đơn 000013: shipping → cn_warehouse','','::1','2026-02-22 20:27:07'),(89,0,'Tạo chuyến xe: XE-20260222-001','','::1','2026-02-22 21:22:53'),(90,0,'Thêm 100 kiện vào chuyến XE-20260222-001','','::1','2026-02-22 21:22:54'),(91,0,'Cập nhật chuyến XE-20260222-001 → in_transit','','::1','2026-02-22 21:39:22'),(92,0,'Cập nhật chuyến XE-20260222-001 → arrived','','::1','2026-02-22 21:39:40'),(93,0,'Cập nhật chuyến XE-20260222-001 → completed','','::1','2026-02-22 21:41:48'),(94,0,'Đóng bao: LDOFNK02 (1 kiện)','','::1','2026-02-22 21:52:37'),(95,0,'Mở lại bao: LDOFNK02','','::1','2026-02-22 21:52:41'),(96,0,'Đóng bao: LDOFNK02 (1 kiện)','','::1','2026-02-22 22:07:17'),(97,0,'Mở lại bao: LDOFNK02','','::1','2026-02-22 22:07:29'),(98,0,'Đổi trạng thái đơn 000014: packed → cn_warehouse','','::1','2026-02-22 22:10:51'),(99,0,'Xóa đơn hàng: DH202602212948','','::1','2026-02-22 22:12:22'),(100,0,'Xóa đơn hàng: 000012','','::1','2026-02-22 22:12:24'),(101,0,'Tạo đơn hàng: 000024','','::1','2026-02-22 22:12:34'),(102,0,'Tạo đơn hàng: 000025','','::1','2026-02-22 22:12:36'),(103,0,'Tạo đơn hàng: 000026','','::1','2026-02-22 22:12:37'),(104,0,'Tạo đơn hàng: 000027','','::1','2026-02-22 22:12:38'),(105,0,'Tạo đơn hàng: 000028','','::1','2026-02-22 22:12:40'),(106,0,'Tạo đơn hàng: 000029','','::1','2026-02-22 22:12:42'),(107,0,'Xóa bao hàng: LDOFNK02','','::1','2026-02-22 22:13:00'),(108,0,'Tạo bao hàng: 209903đ','','::1','2026-02-22 22:13:10'),(109,0,'Xóa bao hàng: 209903đ','','::1','2026-02-22 22:13:15'),(110,0,'Tạo bao hàng: DSFSDF33','','::1','2026-02-22 22:13:21'),(111,0,'Xóa đơn hàng: 000014','','::1','2026-02-22 22:17:42'),(112,0,'Xóa đơn hàng: 000019','','::1','2026-02-22 22:17:45'),(113,0,'Đóng bao: DSFSDF33 (6 kiện)','','::1','2026-02-22 22:18:28'),(114,0,'Đổi trạng thái đơn 000023: vn_warehouse → cn_warehouse','','::1','2026-02-22 22:33:17'),(115,0,'Mở lại bao: DSFSDF33','','::1','2026-02-22 22:35:33'),(116,0,'Sửa đơn hàng #23','','::1','2026-02-22 22:42:11'),(117,0,'Sửa đơn hàng #23','','::1','2026-02-22 22:44:23'),(118,0,'Sửa đơn hàng #23','','::1','2026-02-22 22:45:04'),(119,0,'Cập nhật cài đặt hệ thống','','::1','2026-02-22 22:48:44'),(120,0,'Đóng bao: DSFSDF33 (6 kiện)','','::1','2026-02-22 22:50:24'),(121,0,'Mở lại bao: DSFSDF33','','::1','2026-02-22 22:53:38'),(122,0,'Sửa đơn hàng #23','','::1','2026-02-22 22:59:50'),(123,0,'Đóng bao: DSFSDF33 (6 kiện)','','::1','2026-02-22 23:02:21'),(124,0,'Mở lại bao: DSFSDF33','','::1','2026-02-22 23:09:41'),(125,0,'Đóng bao: DSFSDF33 (6 kiện)','','::1','2026-02-22 23:09:45'),(126,0,'Mở lại bao: DSFSDF33','','::1','2026-02-22 23:11:22'),(127,0,'Đóng bao: DSFSDF33 (6 kiện)','','::1','2026-02-22 23:11:30'),(128,0,'Mở lại bao: DSFSDF33','','::1','2026-02-22 23:13:52'),(129,0,'Đóng bao: DSFSDF33 (6 kiện)','','::1','2026-02-22 23:14:18'),(130,1,'ADD_USER','Added user: nhanvien1 (admin)','::1','2026-02-22 23:23:09'),(131,1,'EDIT_USER','Edited user ID: 2','::1','2026-02-22 23:23:17'),(132,1,'ADD_USER','Added user: nhanvien2 (staffcn)','::1','2026-02-22 23:23:54'),(133,1,'DELETE_USER','Deleted user ID: 3','::1','2026-02-22 23:25:37'),(134,1,'DELETE_USER','Deleted user ID: 2','::1','2026-02-22 23:25:39'),(135,0,'salary_generate','Tạo bảng lương tháng 2/2026 cho 10 nhân viên','::1','2026-02-22 23:35:14'),(136,0,'salary_update','Cập nhật lương #8, thực nhận: 500','::1','2026-02-22 23:37:11'),(137,0,'Cập nhật cài đặt hệ thống','','::1','2026-02-22 23:59:19'),(138,0,'Cập nhật cài đặt hệ thống','','::1','2026-02-23 06:42:58'),(139,0,'Cập nhật cài đặt hệ thống','','::1','2026-02-23 10:26:56'),(140,1,'LOGIN','Admin login successful','::1','2026-02-23 18:36:20'),(141,1,'LOGIN','Admin login successful','::1','2026-02-23 19:59:25');
/*!40000 ALTER TABLE `logs` ENABLE KEYS */;
UNLOCK TABLES;

--
-- Table structure for table `order_status_history`
--

DROP TABLE IF EXISTS `order_status_history`;
/*!40101 SET @saved_cs_client     = @@character_set_client */;
/*!40101 SET character_set_client = utf8 */;
CREATE TABLE `order_status_history` (
  `id` int(11) NOT NULL AUTO_INCREMENT,
  `order_id` int(11) NOT NULL,
  `old_status` varchar(30) DEFAULT NULL,
  `new_status` varchar(30) NOT NULL,
  `note` text DEFAULT NULL,
  `changed_by` int(11) DEFAULT NULL,
  `create_date` datetime DEFAULT current_timestamp(),
  PRIMARY KEY (`id`),
  KEY `idx_order_id` (`order_id`),
  CONSTRAINT `order_status_history_ibfk_1` FOREIGN KEY (`order_id`) REFERENCES `orders` (`id`) ON DELETE CASCADE
) ENGINE=InnoDB AUTO_INCREMENT=73 DEFAULT CHARSET=utf8mb4 COLLATE=utf8mb4_unicode_ci;
/*!40101 SET character_set_client = @saved_cs_client */;

--
-- Dumping data for table `order_status_history`
--

LOCK TABLES `order_status_history` WRITE;
/*!40000 ALTER TABLE `order_status_history` DISABLE KEYS */;
INSERT INTO `order_status_history` VALUES (17,13,'','cn_warehouse','Tạo đơn hàng mới',1,'2026-02-22 09:41:28'),(22,13,'cn_warehouse','shipping','Cập nhật hàng loạt',1,'2026-02-22 09:50:42'),(40,21,'','cn_warehouse','Tạo đơn hàng mới',1,'2026-02-22 16:54:20'),(41,22,'','cn_warehouse','Tạo đơn hàng mới',1,'2026-02-22 16:55:04'),(42,22,'cn_warehouse','shipping','Cập nhật hàng loạt',1,'2026-02-22 17:10:44'),(43,22,'shipping','cn_warehouse','Cập nhật hàng loạt',1,'2026-02-22 17:10:52'),(44,22,'cn_warehouse','shipping','Cập nhật hàng loạt',1,'2026-02-22 17:29:54'),(45,22,'shipping','cn_warehouse','Cập nhật hàng loạt',1,'2026-02-22 19:45:54'),(46,22,'cn_warehouse','shipping','Cập nhật hàng loạt',1,'2026-02-22 19:46:21'),(47,22,'shipping','cn_warehouse','Cập nhật hàng loạt',1,'2026-02-22 19:46:54'),(48,22,'cn_warehouse','shipping','Cập nhật hàng loạt',1,'2026-02-22 19:47:07'),(49,22,'shipping','cn_warehouse','Cập nhật hàng loạt',1,'2026-02-22 19:47:37'),(50,22,'cn_warehouse','shipping','Tự động cập nhật từ kiện hàng',1,'2026-02-22 19:50:10'),(51,21,'cn_warehouse','shipping','Cập nhật hàng loạt',1,'2026-02-22 19:50:26'),(52,21,'shipping','cn_warehouse','Cập nhật hàng loạt',1,'2026-02-22 19:50:35'),(53,23,'','cn_warehouse','Tạo đơn hàng mới',1,'2026-02-22 19:52:20'),(54,22,'shipping','cn_warehouse','Cập nhật hàng loạt',1,'2026-02-22 20:26:59'),(55,13,'shipping','cn_warehouse','Cập nhật hàng loạt',1,'2026-02-22 20:27:07'),(56,23,'cn_warehouse','shipping','Tự động cập nhật từ kiện hàng',1,'2026-02-22 21:22:54'),(58,23,'shipping','vn_warehouse','Tự động cập nhật từ kiện hàng',1,'2026-02-22 22:02:45'),(60,24,'','cn_warehouse','Tạo đơn hàng mới',1,'2026-02-22 22:12:34'),(61,25,'','cn_warehouse','Tạo đơn hàng mới',1,'2026-02-22 22:12:36'),(62,26,'','cn_warehouse','Tạo đơn hàng mới',1,'2026-02-22 22:12:37'),(63,27,'','cn_warehouse','Tạo đơn hàng mới',1,'2026-02-22 22:12:38'),(64,28,'','cn_warehouse','Tạo đơn hàng mới',1,'2026-02-22 22:12:40'),(65,29,'','cn_warehouse','Tạo đơn hàng mới',1,'2026-02-22 22:12:42'),(66,29,'cn_warehouse','packed','Tự động cập nhật từ kiện hàng',1,'2026-02-22 22:13:32'),(67,28,'cn_warehouse','packed','Tự động cập nhật từ kiện hàng',1,'2026-02-22 22:13:36'),(68,27,'cn_warehouse','packed','Tự động cập nhật từ kiện hàng',1,'2026-02-22 22:13:39'),(69,26,'cn_warehouse','packed','Tự động cập nhật từ kiện hàng',1,'2026-02-22 22:13:43'),(70,25,'cn_warehouse','packed','Tự động cập nhật từ kiện hàng',1,'2026-02-22 22:13:46'),(71,24,'cn_warehouse','packed','Tự động cập nhật từ kiện hàng',1,'2026-02-22 22:13:52'),(72,23,'vn_warehouse','cn_warehouse','Cập nhật hàng loạt',1,'2026-02-22 22:33:16');
/*!40000 ALTER TABLE `order_status_history` ENABLE KEYS */;
UNLOCK TABLES;

--
-- Table structure for table `orders`
--

DROP TABLE IF EXISTS `orders`;
/*!40101 SET @saved_cs_client     = @@character_set_client */;
/*!40101 SET character_set_client = utf8 */;
CREATE TABLE `orders` (
  `id` int(11) NOT NULL AUTO_INCREMENT,
  `order_code` varchar(30) NOT NULL,
  `customer_id` int(11) DEFAULT NULL,
  `order_type` enum('purchase','shipping') NOT NULL DEFAULT 'purchase',
  `product_type` enum('retail','wholesale') NOT NULL DEFAULT 'retail',
  `cargo_type` varchar(20) DEFAULT NULL,
  `product_code` varchar(100) DEFAULT NULL,
  `platform` enum('taobao','1688','alibaba','other') DEFAULT 'taobao',
  `source_url` text DEFAULT NULL,
  `status` enum('pending','purchased','cn_shipped','cn_warehouse','packed','shipping','vn_warehouse','delivered','cancelled') NOT NULL DEFAULT 'pending',
  `product_name` varchar(500) DEFAULT NULL,
  `product_image` varchar(500) DEFAULT NULL,
  `quantity` int(11) NOT NULL DEFAULT 1,
  `unit_price_cny` decimal(12,2) DEFAULT 0.00,
  `total_cny` decimal(12,2) DEFAULT 0.00,
  `exchange_rate` decimal(10,2) DEFAULT 0.00,
  `total_vnd` decimal(15,2) DEFAULT 0.00,
  `service_fee` decimal(12,2) DEFAULT 0.00,
  `shipping_fee_cn` decimal(12,2) DEFAULT 0.00,
  `shipping_fee_intl` decimal(12,2) DEFAULT 0.00,
  `packing_fee` decimal(12,2) DEFAULT 0.00,
  `insurance_fee` decimal(12,2) DEFAULT 0.00,
  `other_fee` decimal(12,2) DEFAULT 0.00,
  `total_fee` decimal(12,2) DEFAULT 0.00,
  `grand_total` decimal(15,2) DEFAULT 0.00,
  `shipping_method` enum('road','sea','air') DEFAULT 'road',
  `domestic_cost` decimal(12,0) NOT NULL DEFAULT 0,
  `custom_rate_kg` decimal(12,0) DEFAULT NULL,
  `custom_rate_cbm` decimal(12,0) DEFAULT NULL,
  `cn_tracking` varchar(100) DEFAULT NULL,
  `intl_tracking` varchar(100) DEFAULT NULL,
  `vn_tracking` varchar(100) DEFAULT NULL,
  `weight_actual` decimal(8,2) DEFAULT NULL,
  `weight_volume` decimal(8,2) DEFAULT NULL,
  `weight_charged` decimal(8,2) DEFAULT NULL,
  `dimensions` varchar(50) DEFAULT NULL,
  `length_cm` decimal(8,2) DEFAULT NULL,
  `width_cm` decimal(8,2) DEFAULT NULL,
  `height_cm` decimal(8,2) DEFAULT NULL,
  `note` text DEFAULT NULL,
  `note_internal` text DEFAULT NULL,
  `cn_warehouse_date` datetime DEFAULT NULL,
  `packed_date` datetime DEFAULT NULL,
  `shipping_date` datetime DEFAULT NULL,
  `vn_warehouse_date` datetime DEFAULT NULL,
  `delivered_date` datetime DEFAULT NULL,
  `is_paid` tinyint(1) NOT NULL DEFAULT 0,
  `paid_date` datetime DEFAULT NULL,
  `created_by` int(11) DEFAULT NULL,
  `updated_by` int(11) DEFAULT NULL,
  `create_date` datetime DEFAULT current_timestamp(),
  `update_date` datetime DEFAULT current_timestamp() ON UPDATE current_timestamp(),
  PRIMARY KEY (`id`),
  UNIQUE KEY `order_code` (`order_code`),
  KEY `idx_order_code` (`order_code`),
  KEY `idx_customer_id` (`customer_id`),
  KEY `idx_status` (`status`),
  KEY `idx_platform` (`platform`),
  KEY `idx_cn_tracking` (`cn_tracking`),
  KEY `idx_intl_tracking` (`intl_tracking`),
  KEY `idx_vn_tracking` (`vn_tracking`),
  KEY `idx_create_date` (`create_date`),
  CONSTRAINT `orders_ibfk_1` FOREIGN KEY (`customer_id`) REFERENCES `customers` (`id`)
) ENGINE=InnoDB AUTO_INCREMENT=30 DEFAULT CHARSET=utf8mb4 COLLATE=utf8mb4_unicode_ci;
/*!40101 SET character_set_client = @saved_cs_client */;

--
-- Dumping data for table `orders`
--

LOCK TABLES `orders` WRITE;
/*!40000 ALTER TABLE `orders` DISABLE KEYS */;
INSERT INTO `orders` VALUES (13,'000013',2,'shipping','wholesale','difficult','LDSOIFNDS65959','other','','cn_warehouse','Pin điện thoại','uploads/products/20260222_094128_b0247731.jpg',1,0.00,0.00,3950.00,0.00,0.00,0.00,0.00,0.00,0.00,0.00,0.00,0.00,'road',30,NULL,NULL,'','','',0.00,0.00,0.00,'',NULL,NULL,NULL,'','',NULL,NULL,NULL,NULL,NULL,0,NULL,1,1,'2026-02-22 09:41:28','2026-02-23 10:29:31'),(21,'000021',2,'shipping','wholesale','easy','RETGFDG010101','other','','cn_warehouse','Pin điện thoại','uploads/products/20260222_165419_64289ae5.jpg,uploads/products/20260222_165419_a97226d1.png',1,0.00,0.00,3950.00,0.00,0.00,0.00,0.00,0.00,0.00,0.00,0.00,0.00,'road',95,NULL,NULL,'','','',0.00,0.00,0.00,'',NULL,NULL,NULL,'','',NULL,NULL,NULL,NULL,NULL,0,NULL,1,1,'2026-02-22 16:54:20','2026-02-23 10:29:30'),(22,'000022',3,'shipping','wholesale','difficult','SDSADSAD2334','other','','cn_warehouse','Đồ gia dụng','uploads/products/20260222_165504_d235854c.jpg',1,0.00,0.00,3950.00,0.00,0.00,0.00,0.00,0.00,0.00,0.00,0.00,0.00,'road',100,NULL,NULL,'','','',0.00,0.00,0.00,'',NULL,NULL,NULL,'','',NULL,NULL,'2026-02-22 19:50:10',NULL,NULL,0,NULL,1,1,'2026-02-22 16:55:04','2026-02-23 10:29:28'),(23,'000023',2,'shipping','wholesale','easy','SDFDS6516565','other','','cn_warehouse','Túi','uploads/products/20260222_195220_92e75c13.jpg,uploads/products/20260222_225950_0d5d6f00.jpg',1,0.00,0.00,3950.00,0.00,0.00,0.00,0.00,0.00,0.00,0.00,0.00,0.00,'road',20000,NULL,NULL,'','','',0.00,0.00,0.00,'',NULL,NULL,NULL,'','',NULL,NULL,'2026-02-22 21:22:54','2026-02-22 22:02:45',NULL,0,NULL,1,1,'2026-02-22 19:52:20','2026-02-23 10:12:28'),(24,'000024',NULL,'shipping','retail',NULL,'','other','','packed','','',1,0.00,0.00,3950.00,0.00,0.00,0.00,0.00,0.00,0.00,0.00,0.00,0.00,'road',0,NULL,NULL,'','','',0.00,0.00,0.00,'',NULL,NULL,NULL,'','',NULL,NULL,NULL,NULL,NULL,0,NULL,1,1,'2026-02-22 22:12:34','2026-02-22 22:13:52'),(25,'000025',NULL,'shipping','retail',NULL,'','other','','packed','','',1,0.00,0.00,3950.00,0.00,0.00,0.00,0.00,0.00,0.00,0.00,0.00,0.00,'road',0,NULL,NULL,'','','',0.00,0.00,0.00,'',NULL,NULL,NULL,'','',NULL,NULL,NULL,NULL,NULL,0,NULL,1,1,'2026-02-22 22:12:36','2026-02-22 22:13:46'),(26,'000026',NULL,'shipping','retail',NULL,'','other','','packed','','',1,0.00,0.00,3950.00,0.00,0.00,0.00,0.00,0.00,0.00,0.00,0.00,0.00,'road',0,NULL,NULL,'','','',0.00,0.00,0.00,'',NULL,NULL,NULL,'','',NULL,NULL,NULL,NULL,NULL,0,NULL,1,1,'2026-02-22 22:12:37','2026-02-22 22:13:43'),(27,'000027',NULL,'shipping','retail',NULL,'','other','','packed','','',1,0.00,0.00,3950.00,0.00,0.00,0.00,0.00,0.00,0.00,0.00,0.00,0.00,'road',0,NULL,NULL,'','','',0.00,0.00,0.00,'',NULL,NULL,NULL,'','',NULL,NULL,NULL,NULL,NULL,0,NULL,1,1,'2026-02-22 22:12:38','2026-02-22 22:13:39'),(28,'000028',NULL,'shipping','retail',NULL,'','other','','packed','','',1,0.00,0.00,3950.00,0.00,0.00,0.00,0.00,0.00,0.00,0.00,0.00,0.00,'road',0,NULL,NULL,'','','',0.00,0.00,0.00,'',NULL,NULL,NULL,'','',NULL,NULL,NULL,NULL,NULL,0,NULL,1,1,'2026-02-22 22:12:40','2026-02-22 22:13:36'),(29,'000029',NULL,'shipping','retail',NULL,'','other','','packed','','',1,0.00,0.00,3950.00,0.00,0.00,0.00,0.00,0.00,0.00,0.00,0.00,0.00,'road',0,NULL,NULL,'','','',0.00,0.00,0.00,'',NULL,NULL,NULL,'','',NULL,NULL,NULL,NULL,NULL,0,NULL,1,1,'2026-02-22 22:12:42','2026-02-22 22:13:32');
/*!40000 ALTER TABLE `orders` ENABLE KEYS */;
UNLOCK TABLES;

--
-- Table structure for table `package_orders`
--

DROP TABLE IF EXISTS `package_orders`;
/*!40101 SET @saved_cs_client     = @@character_set_client */;
/*!40101 SET character_set_client = utf8 */;
CREATE TABLE `package_orders` (
  `id` int(11) NOT NULL AUTO_INCREMENT,
  `package_id` int(11) NOT NULL,
  `order_id` int(11) NOT NULL,
  `note` text DEFAULT NULL,
  `create_date` datetime DEFAULT current_timestamp(),
  PRIMARY KEY (`id`),
  UNIQUE KEY `unique_pkg_order` (`package_id`,`order_id`),
  KEY `idx_po_package` (`package_id`),
  KEY `idx_po_order` (`order_id`),
  CONSTRAINT `package_orders_ibfk_1` FOREIGN KEY (`package_id`) REFERENCES `packages` (`id`) ON DELETE CASCADE,
  CONSTRAINT `package_orders_ibfk_2` FOREIGN KEY (`order_id`) REFERENCES `orders` (`id`) ON DELETE CASCADE
) ENGINE=InnoDB AUTO_INCREMENT=200 DEFAULT CHARSET=utf8mb4 COLLATE=utf8mb4_unicode_ci;
/*!40101 SET character_set_client = @saved_cs_client */;

--
-- Dumping data for table `package_orders`
--

LOCK TABLES `package_orders` WRITE;
/*!40000 ALTER TABLE `package_orders` DISABLE KEYS */;
INSERT INTO `package_orders` VALUES (26,26,13,NULL,'2026-02-22 09:41:28'),(81,81,13,NULL,'2026-02-22 12:10:51'),(82,82,13,NULL,'2026-02-22 12:10:54'),(83,83,13,NULL,'2026-02-22 12:10:56'),(84,84,13,NULL,'2026-02-22 12:11:08'),(85,85,13,NULL,'2026-02-22 12:11:20'),(86,86,13,NULL,'2026-02-22 12:11:45'),(87,87,13,NULL,'2026-02-22 12:12:06'),(88,88,13,NULL,'2026-02-22 12:20:56'),(89,89,21,NULL,'2026-02-22 16:54:20'),(90,90,21,NULL,'2026-02-22 16:54:20'),(91,91,21,NULL,'2026-02-22 16:54:20'),(92,92,22,NULL,'2026-02-22 16:55:04'),(93,93,22,NULL,'2026-02-22 16:55:04'),(94,94,23,NULL,'2026-02-22 19:52:20'),(95,95,23,NULL,'2026-02-22 19:52:20'),(96,96,23,NULL,'2026-02-22 19:52:20'),(97,97,23,NULL,'2026-02-22 19:52:20'),(98,98,23,NULL,'2026-02-22 19:52:20'),(99,99,23,NULL,'2026-02-22 19:52:20'),(100,100,23,NULL,'2026-02-22 19:52:20'),(101,101,23,NULL,'2026-02-22 19:52:20'),(102,102,23,NULL,'2026-02-22 19:52:20'),(103,103,23,NULL,'2026-02-22 19:52:20'),(104,104,23,NULL,'2026-02-22 19:52:20'),(105,105,23,NULL,'2026-02-22 19:52:20'),(106,106,23,NULL,'2026-02-22 19:52:20'),(107,107,23,NULL,'2026-02-22 19:52:20'),(108,108,23,NULL,'2026-02-22 19:52:20'),(109,109,23,NULL,'2026-02-22 19:52:20'),(110,110,23,NULL,'2026-02-22 19:52:20'),(111,111,23,NULL,'2026-02-22 19:52:20'),(112,112,23,NULL,'2026-02-22 19:52:20'),(113,113,23,NULL,'2026-02-22 19:52:20'),(114,114,23,NULL,'2026-02-22 19:52:20'),(115,115,23,NULL,'2026-02-22 19:52:20'),(116,116,23,NULL,'2026-02-22 19:52:20'),(117,117,23,NULL,'2026-02-22 19:52:20'),(118,118,23,NULL,'2026-02-22 19:52:20'),(119,119,23,NULL,'2026-02-22 19:52:20'),(120,120,23,NULL,'2026-02-22 19:52:20'),(121,121,23,NULL,'2026-02-22 19:52:20'),(122,122,23,NULL,'2026-02-22 19:52:20'),(123,123,23,NULL,'2026-02-22 19:52:20'),(124,124,23,NULL,'2026-02-22 19:52:20'),(125,125,23,NULL,'2026-02-22 19:52:21'),(126,126,23,NULL,'2026-02-22 19:52:21'),(127,127,23,NULL,'2026-02-22 19:52:21'),(128,128,23,NULL,'2026-02-22 19:52:21'),(129,129,23,NULL,'2026-02-22 19:52:21'),(130,130,23,NULL,'2026-02-22 19:52:21'),(131,131,23,NULL,'2026-02-22 19:52:21'),(132,132,23,NULL,'2026-02-22 19:52:21'),(133,133,23,NULL,'2026-02-22 19:52:21'),(134,134,23,NULL,'2026-02-22 19:52:21'),(135,135,23,NULL,'2026-02-22 19:52:21'),(136,136,23,NULL,'2026-02-22 19:52:21'),(137,137,23,NULL,'2026-02-22 19:52:21'),(138,138,23,NULL,'2026-02-22 19:52:21'),(139,139,23,NULL,'2026-02-22 19:52:21'),(140,140,23,NULL,'2026-02-22 19:52:21'),(141,141,23,NULL,'2026-02-22 19:52:21'),(142,142,23,NULL,'2026-02-22 19:52:21'),(143,143,23,NULL,'2026-02-22 19:52:21'),(144,144,23,NULL,'2026-02-22 19:52:21'),(145,145,23,NULL,'2026-02-22 19:52:21'),(146,146,23,NULL,'2026-02-22 19:52:21'),(147,147,23,NULL,'2026-02-22 19:52:21'),(148,148,23,NULL,'2026-02-22 19:52:21'),(149,149,23,NULL,'2026-02-22 19:52:21'),(150,150,23,NULL,'2026-02-22 19:52:21'),(151,151,23,NULL,'2026-02-22 19:52:21'),(152,152,23,NULL,'2026-02-22 19:52:21'),(153,153,23,NULL,'2026-02-22 19:52:21'),(154,154,23,NULL,'2026-02-22 19:52:21'),(155,155,23,NULL,'2026-02-22 19:52:21'),(156,156,23,NULL,'2026-02-22 19:52:21'),(157,157,23,NULL,'2026-02-22 19:52:21'),(158,158,23,NULL,'2026-02-22 19:52:21'),(159,159,23,NULL,'2026-02-22 19:52:21'),(160,160,23,NULL,'2026-02-22 19:52:21'),(161,161,23,NULL,'2026-02-22 19:52:21'),(162,162,23,NULL,'2026-02-22 19:52:21'),(163,163,23,NULL,'2026-02-22 19:52:21'),(164,164,23,NULL,'2026-02-22 19:52:21'),(165,165,23,NULL,'2026-02-22 19:52:21'),(166,166,23,NULL,'2026-02-22 19:52:21'),(167,167,23,NULL,'2026-02-22 19:52:21'),(168,168,23,NULL,'2026-02-22 19:52:21'),(169,169,23,NULL,'2026-02-22 19:52:21'),(170,170,23,NULL,'2026-02-22 19:52:21'),(171,171,23,NULL,'2026-02-22 19:52:21'),(172,172,23,NULL,'2026-02-22 19:52:21'),(173,173,23,NULL,'2026-02-22 19:52:21'),(174,174,23,NULL,'2026-02-22 19:52:21'),(175,175,23,NULL,'2026-02-22 19:52:21'),(176,176,23,NULL,'2026-02-22 19:52:21'),(177,177,23,NULL,'2026-02-22 19:52:21'),(178,178,23,NULL,'2026-02-22 19:52:21'),(179,179,23,NULL,'2026-02-22 19:52:21'),(180,180,23,NULL,'2026-02-22 19:52:21'),(181,181,23,NULL,'2026-02-22 19:52:21'),(182,182,23,NULL,'2026-02-22 19:52:21'),(183,183,23,NULL,'2026-02-22 19:52:21'),(184,184,23,NULL,'2026-02-22 19:52:21'),(185,185,23,NULL,'2026-02-22 19:52:21'),(186,186,23,NULL,'2026-02-22 19:52:21'),(187,187,23,NULL,'2026-02-22 19:52:21'),(188,188,23,NULL,'2026-02-22 19:52:21'),(189,189,23,NULL,'2026-02-22 19:52:21'),(190,190,23,NULL,'2026-02-22 19:52:21'),(191,191,23,NULL,'2026-02-22 19:52:21'),(192,192,23,NULL,'2026-02-22 19:52:21'),(193,193,23,NULL,'2026-02-22 19:52:21'),(194,194,24,NULL,'2026-02-22 22:12:34'),(195,195,25,NULL,'2026-02-22 22:12:36'),(196,196,26,NULL,'2026-02-22 22:12:37'),(197,197,27,NULL,'2026-02-22 22:12:38'),(198,198,28,NULL,'2026-02-22 22:12:40'),(199,199,29,NULL,'2026-02-22 22:12:42');
/*!40000 ALTER TABLE `package_orders` ENABLE KEYS */;
UNLOCK TABLES;

--
-- Table structure for table `package_status_history`
--

DROP TABLE IF EXISTS `package_status_history`;
/*!40101 SET @saved_cs_client     = @@character_set_client */;
/*!40101 SET character_set_client = utf8 */;
CREATE TABLE `package_status_history` (
  `id` int(11) NOT NULL AUTO_INCREMENT,
  `package_id` int(11) NOT NULL,
  `old_status` varchar(30) DEFAULT NULL,
  `new_status` varchar(30) NOT NULL,
  `note` text DEFAULT NULL,
  `changed_by` int(11) DEFAULT NULL,
  `create_date` datetime DEFAULT current_timestamp(),
  PRIMARY KEY (`id`),
  KEY `idx_psh_package` (`package_id`),
  CONSTRAINT `package_status_history_ibfk_1` FOREIGN KEY (`package_id`) REFERENCES `packages` (`id`) ON DELETE CASCADE
) ENGINE=InnoDB AUTO_INCREMENT=579 DEFAULT CHARSET=utf8mb4 COLLATE=utf8mb4_unicode_ci;
/*!40101 SET character_set_client = @saved_cs_client */;

--
-- Dumping data for table `package_status_history`
--

LOCK TABLES `package_status_history` WRITE;
/*!40000 ALTER TABLE `package_status_history` DISABLE KEYS */;
INSERT INTO `package_status_history` VALUES (4,4,'','pending','Package created',1,'2026-02-21 23:24:46'),(5,5,'','pending','Package created',1,'2026-02-21 23:24:46'),(6,6,'','pending','Package created',1,'2026-02-21 23:24:46'),(7,7,'','pending','Package created',1,'2026-02-21 23:24:46'),(8,8,'','pending','Package created',1,'2026-02-21 23:24:46'),(9,9,'','pending','Package created',1,'2026-02-21 23:24:46'),(10,10,'','pending','Package created',1,'2026-02-21 23:24:46'),(11,11,'','pending','Package created',1,'2026-02-21 23:47:32'),(12,12,'','pending','Package created',1,'2026-02-21 23:47:38'),(13,13,'','pending','Package created',1,'2026-02-21 23:48:13'),(14,14,'','pending','Package created',1,'2026-02-21 23:49:18'),(15,15,'','pending','Package created',1,'2026-02-21 23:49:39'),(16,16,'','pending','Package created',1,'2026-02-21 23:51:02'),(17,17,'','pending','Package created',1,'2026-02-21 23:51:11'),(18,18,'','pending','Package created',1,'2026-02-21 23:55:16'),(19,19,'','pending','Package created',1,'2026-02-21 23:55:34'),(20,20,'','pending','Package created',1,'2026-02-21 23:55:53'),(21,21,'','pending','Package created',1,'2026-02-21 23:55:59'),(23,23,'','pending','Package created',1,'2026-02-21 23:59:33'),(24,24,'','pending','Package created',1,'2026-02-21 23:59:37'),(26,26,'','cn_warehouse','Package created',1,'2026-02-22 09:41:28'),(29,29,'','cn_warehouse','Package created',1,'2026-02-22 10:07:51'),(30,30,'','cn_warehouse','Package created',1,'2026-02-22 10:07:51'),(31,31,'','cn_warehouse','Package created',1,'2026-02-22 10:07:51'),(32,32,'','cn_warehouse','Package created',1,'2026-02-22 10:07:51'),(33,33,'','cn_warehouse','Package created',1,'2026-02-22 10:07:51'),(34,34,'','cn_warehouse','Package created',1,'2026-02-22 10:07:51'),(35,35,'','cn_warehouse','Package created',1,'2026-02-22 10:07:51'),(36,36,'','cn_warehouse','Package created',1,'2026-02-22 10:07:51'),(37,37,'','cn_warehouse','Package created',1,'2026-02-22 10:07:51'),(38,38,'','cn_warehouse','Package created',1,'2026-02-22 10:07:51'),(39,39,'','cn_warehouse','Package created',1,'2026-02-22 10:07:51'),(40,40,'','cn_warehouse','Package created',1,'2026-02-22 10:07:51'),(41,41,'','cn_warehouse','Package created',1,'2026-02-22 10:07:51'),(42,42,'','cn_warehouse','Package created',1,'2026-02-22 10:07:51'),(43,43,'','cn_warehouse','Package created',1,'2026-02-22 10:07:51'),(44,44,'','cn_warehouse','Package created',1,'2026-02-22 10:07:51'),(45,45,'','cn_warehouse','Package created',1,'2026-02-22 10:07:51'),(46,46,'','cn_warehouse','Package created',1,'2026-02-22 10:07:51'),(47,47,'','cn_warehouse','Package created',1,'2026-02-22 10:07:51'),(48,48,'','cn_warehouse','Package created',1,'2026-02-22 10:07:51'),(49,49,'','cn_warehouse','Package created',1,'2026-02-22 10:07:51'),(50,50,'','cn_warehouse','Package created',1,'2026-02-22 10:07:51'),(51,51,'','cn_warehouse','Package created',1,'2026-02-22 10:07:51'),(52,52,'','cn_warehouse','Package created',1,'2026-02-22 10:07:51'),(53,53,'','cn_warehouse','Package created',1,'2026-02-22 10:07:51'),(54,54,'','cn_warehouse','Package created',1,'2026-02-22 10:07:51'),(55,55,'','cn_warehouse','Package created',1,'2026-02-22 10:07:51'),(89,81,'','pending','Package created',1,'2026-02-22 12:10:51'),(90,82,'','pending','Package created',1,'2026-02-22 12:10:54'),(91,83,'','pending','Package created',1,'2026-02-22 12:10:56'),(92,84,'','pending','Package created',1,'2026-02-22 12:11:08'),(93,85,'','pending','Package created',1,'2026-02-22 12:11:20'),(94,86,'','pending','Package created',1,'2026-02-22 12:11:45'),(95,87,'','pending','Package created',1,'2026-02-22 12:12:06'),(96,88,'','pending','Package created',1,'2026-02-22 12:20:56'),(97,89,'','cn_warehouse','Package created',1,'2026-02-22 16:54:20'),(98,90,'','cn_warehouse','Package created',1,'2026-02-22 16:54:20'),(99,91,'','cn_warehouse','Package created',1,'2026-02-22 16:54:20'),(100,92,'','cn_warehouse','Package created',1,'2026-02-22 16:55:04'),(101,93,'','cn_warehouse','Package created',1,'2026-02-22 16:55:04'),(102,92,'cn_warehouse','shipping','Tự động cập nhật từ đơn hàng',1,'2026-02-22 17:10:44'),(103,93,'cn_warehouse','shipping','Tự động cập nhật từ đơn hàng',1,'2026-02-22 17:10:44'),(104,92,'shipping','cn_warehouse','Tự động cập nhật từ đơn hàng',1,'2026-02-22 17:10:52'),(105,93,'shipping','cn_warehouse','Tự động cập nhật từ đơn hàng',1,'2026-02-22 17:10:52'),(106,92,'cn_warehouse','shipping','Tự động cập nhật từ đơn hàng',1,'2026-02-22 17:29:54'),(107,93,'cn_warehouse','shipping','Tự động cập nhật từ đơn hàng',1,'2026-02-22 17:29:55'),(108,92,'shipping','cn_warehouse','Cập nhật hàng loạt',1,'2026-02-22 17:50:30'),(109,93,'shipping','cn_warehouse','Cập nhật hàng loạt',1,'2026-02-22 17:52:59'),(110,92,'cn_warehouse','shipping','Cập nhật hàng loạt',1,'2026-02-22 17:53:06'),(111,89,'cn_warehouse','shipping','Cập nhật hàng loạt',1,'2026-02-22 17:53:28'),(112,90,'cn_warehouse','shipping','Cập nhật hàng loạt',1,'2026-02-22 17:53:28'),(113,92,'shipping','cn_warehouse','Tự động cập nhật từ đơn hàng',1,'2026-02-22 19:45:54'),(114,92,'cn_warehouse','shipping','Tự động cập nhật từ đơn hàng',1,'2026-02-22 19:46:21'),(115,93,'cn_warehouse','shipping','Tự động cập nhật từ đơn hàng',1,'2026-02-22 19:46:21'),(116,92,'shipping','cn_warehouse','Tự động cập nhật từ đơn hàng',1,'2026-02-22 19:46:54'),(117,93,'shipping','cn_warehouse','Tự động cập nhật từ đơn hàng',1,'2026-02-22 19:46:54'),(118,92,'cn_warehouse','shipping','Tự động cập nhật từ đơn hàng',1,'2026-02-22 19:47:07'),(119,93,'cn_warehouse','shipping','Tự động cập nhật từ đơn hàng',1,'2026-02-22 19:47:07'),(120,92,'shipping','cn_warehouse','Tự động cập nhật từ đơn hàng',1,'2026-02-22 19:47:37'),(121,93,'shipping','cn_warehouse','Tự động cập nhật từ đơn hàng',1,'2026-02-22 19:47:37'),(122,92,'cn_warehouse','shipping','Cập nhật hàng loạt',1,'2026-02-22 19:49:27'),(123,93,'cn_warehouse','shipping','Cập nhật hàng loạt',1,'2026-02-22 19:50:10'),(124,91,'cn_warehouse','shipping','Tự động cập nhật từ đơn hàng',1,'2026-02-22 19:50:26'),(125,89,'shipping','cn_warehouse','Tự động cập nhật từ đơn hàng',1,'2026-02-22 19:50:35'),(126,90,'shipping','cn_warehouse','Tự động cập nhật từ đơn hàng',1,'2026-02-22 19:50:35'),(127,91,'shipping','cn_warehouse','Tự động cập nhật từ đơn hàng',1,'2026-02-22 19:50:35'),(128,93,'shipping','cn_warehouse','Cập nhật hàng loạt',1,'2026-02-22 19:50:35'),(129,94,'','cn_warehouse','Package created',1,'2026-02-22 19:52:20'),(130,95,'','cn_warehouse','Package created',1,'2026-02-22 19:52:20'),(131,96,'','cn_warehouse','Package created',1,'2026-02-22 19:52:20'),(132,97,'','cn_warehouse','Package created',1,'2026-02-22 19:52:20'),(133,98,'','cn_warehouse','Package created',1,'2026-02-22 19:52:20'),(134,99,'','cn_warehouse','Package created',1,'2026-02-22 19:52:20'),(135,100,'','cn_warehouse','Package created',1,'2026-02-22 19:52:20'),(136,101,'','cn_warehouse','Package created',1,'2026-02-22 19:52:20'),(137,102,'','cn_warehouse','Package created',1,'2026-02-22 19:52:20'),(138,103,'','cn_warehouse','Package created',1,'2026-02-22 19:52:20'),(139,104,'','cn_warehouse','Package created',1,'2026-02-22 19:52:20'),(140,105,'','cn_warehouse','Package created',1,'2026-02-22 19:52:20'),(141,106,'','cn_warehouse','Package created',1,'2026-02-22 19:52:20'),(142,107,'','cn_warehouse','Package created',1,'2026-02-22 19:52:20'),(143,108,'','cn_warehouse','Package created',1,'2026-02-22 19:52:20'),(144,109,'','cn_warehouse','Package created',1,'2026-02-22 19:52:20'),(145,110,'','cn_warehouse','Package created',1,'2026-02-22 19:52:20'),(146,111,'','cn_warehouse','Package created',1,'2026-02-22 19:52:20'),(147,112,'','cn_warehouse','Package created',1,'2026-02-22 19:52:20'),(148,113,'','cn_warehouse','Package created',1,'2026-02-22 19:52:20'),(149,114,'','cn_warehouse','Package created',1,'2026-02-22 19:52:20'),(150,115,'','cn_warehouse','Package created',1,'2026-02-22 19:52:20'),(151,116,'','cn_warehouse','Package created',1,'2026-02-22 19:52:20'),(152,117,'','cn_warehouse','Package created',1,'2026-02-22 19:52:20'),(153,118,'','cn_warehouse','Package created',1,'2026-02-22 19:52:20'),(154,119,'','cn_warehouse','Package created',1,'2026-02-22 19:52:20'),(155,120,'','cn_warehouse','Package created',1,'2026-02-22 19:52:20'),(156,121,'','cn_warehouse','Package created',1,'2026-02-22 19:52:20'),(157,122,'','cn_warehouse','Package created',1,'2026-02-22 19:52:20'),(158,123,'','cn_warehouse','Package created',1,'2026-02-22 19:52:20'),(159,124,'','cn_warehouse','Package created',1,'2026-02-22 19:52:20'),(160,125,'','cn_warehouse','Package created',1,'2026-02-22 19:52:21'),(161,126,'','cn_warehouse','Package created',1,'2026-02-22 19:52:21'),(162,127,'','cn_warehouse','Package created',1,'2026-02-22 19:52:21'),(163,128,'','cn_warehouse','Package created',1,'2026-02-22 19:52:21'),(164,129,'','cn_warehouse','Package created',1,'2026-02-22 19:52:21'),(165,130,'','cn_warehouse','Package created',1,'2026-02-22 19:52:21'),(166,131,'','cn_warehouse','Package created',1,'2026-02-22 19:52:21'),(167,132,'','cn_warehouse','Package created',1,'2026-02-22 19:52:21'),(168,133,'','cn_warehouse','Package created',1,'2026-02-22 19:52:21'),(169,134,'','cn_warehouse','Package created',1,'2026-02-22 19:52:21'),(170,135,'','cn_warehouse','Package created',1,'2026-02-22 19:52:21'),(171,136,'','cn_warehouse','Package created',1,'2026-02-22 19:52:21'),(172,137,'','cn_warehouse','Package created',1,'2026-02-22 19:52:21'),(173,138,'','cn_warehouse','Package created',1,'2026-02-22 19:52:21'),(174,139,'','cn_warehouse','Package created',1,'2026-02-22 19:52:21'),(175,140,'','cn_warehouse','Package created',1,'2026-02-22 19:52:21'),(176,141,'','cn_warehouse','Package created',1,'2026-02-22 19:52:21'),(177,142,'','cn_warehouse','Package created',1,'2026-02-22 19:52:21'),(178,143,'','cn_warehouse','Package created',1,'2026-02-22 19:52:21'),(179,144,'','cn_warehouse','Package created',1,'2026-02-22 19:52:21'),(180,145,'','cn_warehouse','Package created',1,'2026-02-22 19:52:21'),(181,146,'','cn_warehouse','Package created',1,'2026-02-22 19:52:21'),(182,147,'','cn_warehouse','Package created',1,'2026-02-22 19:52:21'),(183,148,'','cn_warehouse','Package created',1,'2026-02-22 19:52:21'),(184,149,'','cn_warehouse','Package created',1,'2026-02-22 19:52:21'),(185,150,'','cn_warehouse','Package created',1,'2026-02-22 19:52:21'),(186,151,'','cn_warehouse','Package created',1,'2026-02-22 19:52:21'),(187,152,'','cn_warehouse','Package created',1,'2026-02-22 19:52:21'),(188,153,'','cn_warehouse','Package created',1,'2026-02-22 19:52:21'),(189,154,'','cn_warehouse','Package created',1,'2026-02-22 19:52:21'),(190,155,'','cn_warehouse','Package created',1,'2026-02-22 19:52:21'),(191,156,'','cn_warehouse','Package created',1,'2026-02-22 19:52:21'),(192,157,'','cn_warehouse','Package created',1,'2026-02-22 19:52:21'),(193,158,'','cn_warehouse','Package created',1,'2026-02-22 19:52:21'),(194,159,'','cn_warehouse','Package created',1,'2026-02-22 19:52:21'),(195,160,'','cn_warehouse','Package created',1,'2026-02-22 19:52:21'),(196,161,'','cn_warehouse','Package created',1,'2026-02-22 19:52:21'),(197,162,'','cn_warehouse','Package created',1,'2026-02-22 19:52:21'),(198,163,'','cn_warehouse','Package created',1,'2026-02-22 19:52:21'),(199,164,'','cn_warehouse','Package created',1,'2026-02-22 19:52:21'),(200,165,'','cn_warehouse','Package created',1,'2026-02-22 19:52:21'),(201,166,'','cn_warehouse','Package created',1,'2026-02-22 19:52:21'),(202,167,'','cn_warehouse','Package created',1,'2026-02-22 19:52:21'),(203,168,'','cn_warehouse','Package created',1,'2026-02-22 19:52:21'),(204,169,'','cn_warehouse','Package created',1,'2026-02-22 19:52:21'),(205,170,'','cn_warehouse','Package created',1,'2026-02-22 19:52:21'),(206,171,'','cn_warehouse','Package created',1,'2026-02-22 19:52:21'),(207,172,'','cn_warehouse','Package created',1,'2026-02-22 19:52:21'),(208,173,'','cn_warehouse','Package created',1,'2026-02-22 19:52:21'),(209,174,'','cn_warehouse','Package created',1,'2026-02-22 19:52:21'),(210,175,'','cn_warehouse','Package created',1,'2026-02-22 19:52:21'),(211,176,'','cn_warehouse','Package created',1,'2026-02-22 19:52:21'),(212,177,'','cn_warehouse','Package created',1,'2026-02-22 19:52:21'),(213,178,'','cn_warehouse','Package created',1,'2026-02-22 19:52:21'),(214,179,'','cn_warehouse','Package created',1,'2026-02-22 19:52:21'),(215,180,'','cn_warehouse','Package created',1,'2026-02-22 19:52:21'),(216,181,'','cn_warehouse','Package created',1,'2026-02-22 19:52:21'),(217,182,'','cn_warehouse','Package created',1,'2026-02-22 19:52:21'),(218,183,'','cn_warehouse','Package created',1,'2026-02-22 19:52:21'),(219,184,'','cn_warehouse','Package created',1,'2026-02-22 19:52:21'),(220,185,'','cn_warehouse','Package created',1,'2026-02-22 19:52:21'),(221,186,'','cn_warehouse','Package created',1,'2026-02-22 19:52:21'),(222,187,'','cn_warehouse','Package created',1,'2026-02-22 19:52:21'),(223,188,'','cn_warehouse','Package created',1,'2026-02-22 19:52:21'),(224,189,'','cn_warehouse','Package created',1,'2026-02-22 19:52:21'),(225,190,'','cn_warehouse','Package created',1,'2026-02-22 19:52:21'),(226,191,'','cn_warehouse','Package created',1,'2026-02-22 19:52:21'),(227,192,'','cn_warehouse','Package created',1,'2026-02-22 19:52:21'),(228,193,'','cn_warehouse','Package created',1,'2026-02-22 19:52:21'),(229,94,'cn_warehouse','shipping','Cập nhật hàng loạt',1,'2026-02-22 20:03:41'),(230,95,'cn_warehouse','shipping','Cập nhật hàng loạt',1,'2026-02-22 20:03:41'),(231,96,'cn_warehouse','shipping','Cập nhật hàng loạt',1,'2026-02-22 20:03:41'),(232,97,'cn_warehouse','shipping','Cập nhật hàng loạt',1,'2026-02-22 20:03:41'),(233,98,'cn_warehouse','shipping','Cập nhật hàng loạt',1,'2026-02-22 20:03:41'),(234,99,'cn_warehouse','shipping','Cập nhật hàng loạt',1,'2026-02-22 20:03:41'),(235,100,'cn_warehouse','shipping','Cập nhật hàng loạt',1,'2026-02-22 20:03:41'),(236,101,'cn_warehouse','shipping','Cập nhật hàng loạt',1,'2026-02-22 20:03:41'),(237,102,'cn_warehouse','shipping','Cập nhật hàng loạt',1,'2026-02-22 20:03:41'),(238,103,'cn_warehouse','shipping','Cập nhật hàng loạt',1,'2026-02-22 20:03:41'),(239,124,'cn_warehouse','shipping','Cập nhật hàng loạt',1,'2026-02-22 20:03:41'),(240,125,'cn_warehouse','shipping','Cập nhật hàng loạt',1,'2026-02-22 20:03:41'),(241,174,'cn_warehouse','shipping','Cập nhật hàng loạt',1,'2026-02-22 20:03:41'),(242,94,'shipping','cn_warehouse','Cập nhật hàng loạt',1,'2026-02-22 20:09:24'),(243,95,'shipping','cn_warehouse','Cập nhật hàng loạt',1,'2026-02-22 20:09:24'),(244,96,'shipping','cn_warehouse','Cập nhật hàng loạt',1,'2026-02-22 20:09:24'),(245,97,'shipping','cn_warehouse','Cập nhật hàng loạt',1,'2026-02-22 20:09:24'),(246,98,'shipping','cn_warehouse','Cập nhật hàng loạt',1,'2026-02-22 20:09:24'),(247,99,'shipping','cn_warehouse','Cập nhật hàng loạt',1,'2026-02-22 20:09:24'),(248,100,'shipping','cn_warehouse','Cập nhật hàng loạt',1,'2026-02-22 20:09:24'),(249,101,'shipping','cn_warehouse','Cập nhật hàng loạt',1,'2026-02-22 20:09:24'),(250,102,'shipping','cn_warehouse','Cập nhật hàng loạt',1,'2026-02-22 20:09:24'),(251,103,'shipping','cn_warehouse','Cập nhật hàng loạt',1,'2026-02-22 20:09:24'),(252,124,'shipping','cn_warehouse','Cập nhật hàng loạt',1,'2026-02-22 20:09:24'),(253,125,'shipping','cn_warehouse','Cập nhật hàng loạt',1,'2026-02-22 20:09:24'),(254,174,'shipping','cn_warehouse','Cập nhật hàng loạt',1,'2026-02-22 20:09:24'),(255,92,'shipping','cn_warehouse','Cập nhật hàng loạt',1,'2026-02-22 20:26:13'),(256,81,'pending','cn_warehouse','Cập nhật hàng loạt',1,'2026-02-22 20:26:22'),(257,82,'pending','cn_warehouse','Cập nhật hàng loạt',1,'2026-02-22 20:26:22'),(258,83,'pending','cn_warehouse','Cập nhật hàng loạt',1,'2026-02-22 20:26:22'),(259,84,'pending','cn_warehouse','Cập nhật hàng loạt',1,'2026-02-22 20:26:22'),(260,85,'pending','cn_warehouse','Cập nhật hàng loạt',1,'2026-02-22 20:26:22'),(261,86,'pending','cn_warehouse','Cập nhật hàng loạt',1,'2026-02-22 20:26:22'),(262,87,'pending','cn_warehouse','Cập nhật hàng loạt',1,'2026-02-22 20:26:22'),(263,88,'pending','cn_warehouse','Cập nhật hàng loạt',1,'2026-02-22 20:26:22'),(264,94,'cn_warehouse','shipping','Xếp vào chuyến XE-20260222-001',1,'2026-02-22 21:22:53'),(265,95,'cn_warehouse','shipping','Xếp vào chuyến XE-20260222-001',1,'2026-02-22 21:22:53'),(266,96,'cn_warehouse','shipping','Xếp vào chuyến XE-20260222-001',1,'2026-02-22 21:22:53'),(267,97,'cn_warehouse','shipping','Xếp vào chuyến XE-20260222-001',1,'2026-02-22 21:22:53'),(268,98,'cn_warehouse','shipping','Xếp vào chuyến XE-20260222-001',1,'2026-02-22 21:22:53'),(269,99,'cn_warehouse','shipping','Xếp vào chuyến XE-20260222-001',1,'2026-02-22 21:22:53'),(270,100,'cn_warehouse','shipping','Xếp vào chuyến XE-20260222-001',1,'2026-02-22 21:22:53'),(271,101,'cn_warehouse','shipping','Xếp vào chuyến XE-20260222-001',1,'2026-02-22 21:22:53'),(272,102,'cn_warehouse','shipping','Xếp vào chuyến XE-20260222-001',1,'2026-02-22 21:22:53'),(273,103,'cn_warehouse','shipping','Xếp vào chuyến XE-20260222-001',1,'2026-02-22 21:22:53'),(274,104,'cn_warehouse','shipping','Xếp vào chuyến XE-20260222-001',1,'2026-02-22 21:22:53'),(275,105,'cn_warehouse','shipping','Xếp vào chuyến XE-20260222-001',1,'2026-02-22 21:22:53'),(276,106,'cn_warehouse','shipping','Xếp vào chuyến XE-20260222-001',1,'2026-02-22 21:22:53'),(277,107,'cn_warehouse','shipping','Xếp vào chuyến XE-20260222-001',1,'2026-02-22 21:22:53'),(278,108,'cn_warehouse','shipping','Xếp vào chuyến XE-20260222-001',1,'2026-02-22 21:22:53'),(279,109,'cn_warehouse','shipping','Xếp vào chuyến XE-20260222-001',1,'2026-02-22 21:22:53'),(280,110,'cn_warehouse','shipping','Xếp vào chuyến XE-20260222-001',1,'2026-02-22 21:22:53'),(281,111,'cn_warehouse','shipping','Xếp vào chuyến XE-20260222-001',1,'2026-02-22 21:22:53'),(282,112,'cn_warehouse','shipping','Xếp vào chuyến XE-20260222-001',1,'2026-02-22 21:22:53'),(283,113,'cn_warehouse','shipping','Xếp vào chuyến XE-20260222-001',1,'2026-02-22 21:22:53'),(284,114,'cn_warehouse','shipping','Xếp vào chuyến XE-20260222-001',1,'2026-02-22 21:22:53'),(285,115,'cn_warehouse','shipping','Xếp vào chuyến XE-20260222-001',1,'2026-02-22 21:22:53'),(286,116,'cn_warehouse','shipping','Xếp vào chuyến XE-20260222-001',1,'2026-02-22 21:22:53'),(287,117,'cn_warehouse','shipping','Xếp vào chuyến XE-20260222-001',1,'2026-02-22 21:22:53'),(288,118,'cn_warehouse','shipping','Xếp vào chuyến XE-20260222-001',1,'2026-02-22 21:22:53'),(289,119,'cn_warehouse','shipping','Xếp vào chuyến XE-20260222-001',1,'2026-02-22 21:22:53'),(290,120,'cn_warehouse','shipping','Xếp vào chuyến XE-20260222-001',1,'2026-02-22 21:22:53'),(291,121,'cn_warehouse','shipping','Xếp vào chuyến XE-20260222-001',1,'2026-02-22 21:22:53'),(292,122,'cn_warehouse','shipping','Xếp vào chuyến XE-20260222-001',1,'2026-02-22 21:22:53'),(293,123,'cn_warehouse','shipping','Xếp vào chuyến XE-20260222-001',1,'2026-02-22 21:22:53'),(294,124,'cn_warehouse','shipping','Xếp vào chuyến XE-20260222-001',1,'2026-02-22 21:22:53'),(295,125,'cn_warehouse','shipping','Xếp vào chuyến XE-20260222-001',1,'2026-02-22 21:22:53'),(296,126,'cn_warehouse','shipping','Xếp vào chuyến XE-20260222-001',1,'2026-02-22 21:22:53'),(297,127,'cn_warehouse','shipping','Xếp vào chuyến XE-20260222-001',1,'2026-02-22 21:22:53'),(298,128,'cn_warehouse','shipping','Xếp vào chuyến XE-20260222-001',1,'2026-02-22 21:22:53'),(299,129,'cn_warehouse','shipping','Xếp vào chuyến XE-20260222-001',1,'2026-02-22 21:22:53'),(300,130,'cn_warehouse','shipping','Xếp vào chuyến XE-20260222-001',1,'2026-02-22 21:22:53'),(301,131,'cn_warehouse','shipping','Xếp vào chuyến XE-20260222-001',1,'2026-02-22 21:22:53'),(302,132,'cn_warehouse','shipping','Xếp vào chuyến XE-20260222-001',1,'2026-02-22 21:22:53'),(303,133,'cn_warehouse','shipping','Xếp vào chuyến XE-20260222-001',1,'2026-02-22 21:22:53'),(304,134,'cn_warehouse','shipping','Xếp vào chuyến XE-20260222-001',1,'2026-02-22 21:22:53'),(305,135,'cn_warehouse','shipping','Xếp vào chuyến XE-20260222-001',1,'2026-02-22 21:22:53'),(306,136,'cn_warehouse','shipping','Xếp vào chuyến XE-20260222-001',1,'2026-02-22 21:22:53'),(307,137,'cn_warehouse','shipping','Xếp vào chuyến XE-20260222-001',1,'2026-02-22 21:22:53'),(308,138,'cn_warehouse','shipping','Xếp vào chuyến XE-20260222-001',1,'2026-02-22 21:22:53'),(309,139,'cn_warehouse','shipping','Xếp vào chuyến XE-20260222-001',1,'2026-02-22 21:22:53'),(310,140,'cn_warehouse','shipping','Xếp vào chuyến XE-20260222-001',1,'2026-02-22 21:22:53'),(311,141,'cn_warehouse','shipping','Xếp vào chuyến XE-20260222-001',1,'2026-02-22 21:22:53'),(312,142,'cn_warehouse','shipping','Xếp vào chuyến XE-20260222-001',1,'2026-02-22 21:22:53'),(313,143,'cn_warehouse','shipping','Xếp vào chuyến XE-20260222-001',1,'2026-02-22 21:22:53'),(314,144,'cn_warehouse','shipping','Xếp vào chuyến XE-20260222-001',1,'2026-02-22 21:22:53'),(315,145,'cn_warehouse','shipping','Xếp vào chuyến XE-20260222-001',1,'2026-02-22 21:22:53'),(316,146,'cn_warehouse','shipping','Xếp vào chuyến XE-20260222-001',1,'2026-02-22 21:22:53'),(317,147,'cn_warehouse','shipping','Xếp vào chuyến XE-20260222-001',1,'2026-02-22 21:22:53'),(318,148,'cn_warehouse','shipping','Xếp vào chuyến XE-20260222-001',1,'2026-02-22 21:22:53'),(319,149,'cn_warehouse','shipping','Xếp vào chuyến XE-20260222-001',1,'2026-02-22 21:22:53'),(320,150,'cn_warehouse','shipping','Xếp vào chuyến XE-20260222-001',1,'2026-02-22 21:22:53'),(321,151,'cn_warehouse','shipping','Xếp vào chuyến XE-20260222-001',1,'2026-02-22 21:22:53'),(322,152,'cn_warehouse','shipping','Xếp vào chuyến XE-20260222-001',1,'2026-02-22 21:22:53'),(323,153,'cn_warehouse','shipping','Xếp vào chuyến XE-20260222-001',1,'2026-02-22 21:22:53'),(324,154,'cn_warehouse','shipping','Xếp vào chuyến XE-20260222-001',1,'2026-02-22 21:22:53'),(325,155,'cn_warehouse','shipping','Xếp vào chuyến XE-20260222-001',1,'2026-02-22 21:22:53'),(326,156,'cn_warehouse','shipping','Xếp vào chuyến XE-20260222-001',1,'2026-02-22 21:22:53'),(327,157,'cn_warehouse','shipping','Xếp vào chuyến XE-20260222-001',1,'2026-02-22 21:22:53'),(328,158,'cn_warehouse','shipping','Xếp vào chuyến XE-20260222-001',1,'2026-02-22 21:22:53'),(329,159,'cn_warehouse','shipping','Xếp vào chuyến XE-20260222-001',1,'2026-02-22 21:22:53'),(330,160,'cn_warehouse','shipping','Xếp vào chuyến XE-20260222-001',1,'2026-02-22 21:22:53'),(331,161,'cn_warehouse','shipping','Xếp vào chuyến XE-20260222-001',1,'2026-02-22 21:22:53'),(332,162,'cn_warehouse','shipping','Xếp vào chuyến XE-20260222-001',1,'2026-02-22 21:22:53'),(333,163,'cn_warehouse','shipping','Xếp vào chuyến XE-20260222-001',1,'2026-02-22 21:22:53'),(334,164,'cn_warehouse','shipping','Xếp vào chuyến XE-20260222-001',1,'2026-02-22 21:22:53'),(335,165,'cn_warehouse','shipping','Xếp vào chuyến XE-20260222-001',1,'2026-02-22 21:22:53'),(336,166,'cn_warehouse','shipping','Xếp vào chuyến XE-20260222-001',1,'2026-02-22 21:22:53'),(337,167,'cn_warehouse','shipping','Xếp vào chuyến XE-20260222-001',1,'2026-02-22 21:22:53'),(338,168,'cn_warehouse','shipping','Xếp vào chuyến XE-20260222-001',1,'2026-02-22 21:22:53'),(339,169,'cn_warehouse','shipping','Xếp vào chuyến XE-20260222-001',1,'2026-02-22 21:22:53'),(340,170,'cn_warehouse','shipping','Xếp vào chuyến XE-20260222-001',1,'2026-02-22 21:22:53'),(341,171,'cn_warehouse','shipping','Xếp vào chuyến XE-20260222-001',1,'2026-02-22 21:22:53'),(342,172,'cn_warehouse','shipping','Xếp vào chuyến XE-20260222-001',1,'2026-02-22 21:22:53'),(343,173,'cn_warehouse','shipping','Xếp vào chuyến XE-20260222-001',1,'2026-02-22 21:22:53'),(344,174,'cn_warehouse','shipping','Xếp vào chuyến XE-20260222-001',1,'2026-02-22 21:22:53'),(345,175,'cn_warehouse','shipping','Xếp vào chuyến XE-20260222-001',1,'2026-02-22 21:22:53'),(346,176,'cn_warehouse','shipping','Xếp vào chuyến XE-20260222-001',1,'2026-02-22 21:22:53'),(347,177,'cn_warehouse','shipping','Xếp vào chuyến XE-20260222-001',1,'2026-02-22 21:22:53'),(348,178,'cn_warehouse','shipping','Xếp vào chuyến XE-20260222-001',1,'2026-02-22 21:22:53'),(349,179,'cn_warehouse','shipping','Xếp vào chuyến XE-20260222-001',1,'2026-02-22 21:22:53'),(350,180,'cn_warehouse','shipping','Xếp vào chuyến XE-20260222-001',1,'2026-02-22 21:22:54'),(351,181,'cn_warehouse','shipping','Xếp vào chuyến XE-20260222-001',1,'2026-02-22 21:22:54'),(352,182,'cn_warehouse','shipping','Xếp vào chuyến XE-20260222-001',1,'2026-02-22 21:22:54'),(353,183,'cn_warehouse','shipping','Xếp vào chuyến XE-20260222-001',1,'2026-02-22 21:22:54'),(354,184,'cn_warehouse','shipping','Xếp vào chuyến XE-20260222-001',1,'2026-02-22 21:22:54'),(355,185,'cn_warehouse','shipping','Xếp vào chuyến XE-20260222-001',1,'2026-02-22 21:22:54'),(356,186,'cn_warehouse','shipping','Xếp vào chuyến XE-20260222-001',1,'2026-02-22 21:22:54'),(357,187,'cn_warehouse','shipping','Xếp vào chuyến XE-20260222-001',1,'2026-02-22 21:22:54'),(358,188,'cn_warehouse','shipping','Xếp vào chuyến XE-20260222-001',1,'2026-02-22 21:22:54'),(359,189,'cn_warehouse','shipping','Xếp vào chuyến XE-20260222-001',1,'2026-02-22 21:22:54'),(360,190,'cn_warehouse','shipping','Xếp vào chuyến XE-20260222-001',1,'2026-02-22 21:22:54'),(361,191,'cn_warehouse','shipping','Xếp vào chuyến XE-20260222-001',1,'2026-02-22 21:22:54'),(362,192,'cn_warehouse','shipping','Xếp vào chuyến XE-20260222-001',1,'2026-02-22 21:22:54'),(363,193,'cn_warehouse','shipping','Xếp vào chuyến XE-20260222-001',1,'2026-02-22 21:22:54'),(364,95,'shipping','vn_warehouse','Chuyến xe đã đến XE-20260222-001',1,'2026-02-22 21:39:40'),(365,96,'shipping','vn_warehouse','Chuyến xe đã đến XE-20260222-001',1,'2026-02-22 21:39:40'),(366,97,'shipping','vn_warehouse','Chuyến xe đã đến XE-20260222-001',1,'2026-02-22 21:39:40'),(367,98,'shipping','vn_warehouse','Chuyến xe đã đến XE-20260222-001',1,'2026-02-22 21:39:40'),(368,99,'shipping','vn_warehouse','Chuyến xe đã đến XE-20260222-001',1,'2026-02-22 21:39:40'),(369,100,'shipping','vn_warehouse','Chuyến xe đã đến XE-20260222-001',1,'2026-02-22 21:39:40'),(370,101,'shipping','vn_warehouse','Chuyến xe đã đến XE-20260222-001',1,'2026-02-22 21:39:40'),(371,102,'shipping','vn_warehouse','Chuyến xe đã đến XE-20260222-001',1,'2026-02-22 21:39:40'),(372,103,'shipping','vn_warehouse','Chuyến xe đã đến XE-20260222-001',1,'2026-02-22 21:39:40'),(373,104,'shipping','vn_warehouse','Chuyến xe đã đến XE-20260222-001',1,'2026-02-22 21:39:40'),(374,105,'shipping','vn_warehouse','Chuyến xe đã đến XE-20260222-001',1,'2026-02-22 21:39:40'),(375,106,'shipping','vn_warehouse','Chuyến xe đã đến XE-20260222-001',1,'2026-02-22 21:39:40'),(376,107,'shipping','vn_warehouse','Chuyến xe đã đến XE-20260222-001',1,'2026-02-22 21:39:40'),(377,108,'shipping','vn_warehouse','Chuyến xe đã đến XE-20260222-001',1,'2026-02-22 21:39:40'),(378,109,'shipping','vn_warehouse','Chuyến xe đã đến XE-20260222-001',1,'2026-02-22 21:39:40'),(379,110,'shipping','vn_warehouse','Chuyến xe đã đến XE-20260222-001',1,'2026-02-22 21:39:40'),(380,111,'shipping','vn_warehouse','Chuyến xe đã đến XE-20260222-001',1,'2026-02-22 21:39:40'),(381,112,'shipping','vn_warehouse','Chuyến xe đã đến XE-20260222-001',1,'2026-02-22 21:39:40'),(382,113,'shipping','vn_warehouse','Chuyến xe đã đến XE-20260222-001',1,'2026-02-22 21:39:40'),(383,114,'shipping','vn_warehouse','Chuyến xe đã đến XE-20260222-001',1,'2026-02-22 21:39:40'),(384,115,'shipping','vn_warehouse','Chuyến xe đã đến XE-20260222-001',1,'2026-02-22 21:39:40'),(385,116,'shipping','vn_warehouse','Chuyến xe đã đến XE-20260222-001',1,'2026-02-22 21:39:40'),(386,117,'shipping','vn_warehouse','Chuyến xe đã đến XE-20260222-001',1,'2026-02-22 21:39:40'),(387,118,'shipping','vn_warehouse','Chuyến xe đã đến XE-20260222-001',1,'2026-02-22 21:39:40'),(388,119,'shipping','vn_warehouse','Chuyến xe đã đến XE-20260222-001',1,'2026-02-22 21:39:40'),(389,120,'shipping','vn_warehouse','Chuyến xe đã đến XE-20260222-001',1,'2026-02-22 21:39:40'),(390,121,'shipping','vn_warehouse','Chuyến xe đã đến XE-20260222-001',1,'2026-02-22 21:39:40'),(391,122,'shipping','vn_warehouse','Chuyến xe đã đến XE-20260222-001',1,'2026-02-22 21:39:40'),(392,123,'shipping','vn_warehouse','Chuyến xe đã đến XE-20260222-001',1,'2026-02-22 21:39:40'),(393,124,'shipping','vn_warehouse','Chuyến xe đã đến XE-20260222-001',1,'2026-02-22 21:39:40'),(394,125,'shipping','vn_warehouse','Chuyến xe đã đến XE-20260222-001',1,'2026-02-22 21:39:40'),(395,126,'shipping','vn_warehouse','Chuyến xe đã đến XE-20260222-001',1,'2026-02-22 21:39:40'),(396,127,'shipping','vn_warehouse','Chuyến xe đã đến XE-20260222-001',1,'2026-02-22 21:39:40'),(397,128,'shipping','vn_warehouse','Chuyến xe đã đến XE-20260222-001',1,'2026-02-22 21:39:40'),(398,129,'shipping','vn_warehouse','Chuyến xe đã đến XE-20260222-001',1,'2026-02-22 21:39:40'),(399,130,'shipping','vn_warehouse','Chuyến xe đã đến XE-20260222-001',1,'2026-02-22 21:39:40'),(400,131,'shipping','vn_warehouse','Chuyến xe đã đến XE-20260222-001',1,'2026-02-22 21:39:40'),(401,132,'shipping','vn_warehouse','Chuyến xe đã đến XE-20260222-001',1,'2026-02-22 21:39:40'),(402,133,'shipping','vn_warehouse','Chuyến xe đã đến XE-20260222-001',1,'2026-02-22 21:39:40'),(403,134,'shipping','vn_warehouse','Chuyến xe đã đến XE-20260222-001',1,'2026-02-22 21:39:40'),(404,135,'shipping','vn_warehouse','Chuyến xe đã đến XE-20260222-001',1,'2026-02-22 21:39:40'),(405,136,'shipping','vn_warehouse','Chuyến xe đã đến XE-20260222-001',1,'2026-02-22 21:39:40'),(406,137,'shipping','vn_warehouse','Chuyến xe đã đến XE-20260222-001',1,'2026-02-22 21:39:40'),(407,138,'shipping','vn_warehouse','Chuyến xe đã đến XE-20260222-001',1,'2026-02-22 21:39:40'),(408,139,'shipping','vn_warehouse','Chuyến xe đã đến XE-20260222-001',1,'2026-02-22 21:39:40'),(409,140,'shipping','vn_warehouse','Chuyến xe đã đến XE-20260222-001',1,'2026-02-22 21:39:40'),(410,141,'shipping','vn_warehouse','Chuyến xe đã đến XE-20260222-001',1,'2026-02-22 21:39:40'),(411,142,'shipping','vn_warehouse','Chuyến xe đã đến XE-20260222-001',1,'2026-02-22 21:39:40'),(412,143,'shipping','vn_warehouse','Chuyến xe đã đến XE-20260222-001',1,'2026-02-22 21:39:40'),(413,144,'shipping','vn_warehouse','Chuyến xe đã đến XE-20260222-001',1,'2026-02-22 21:39:40'),(414,145,'shipping','vn_warehouse','Chuyến xe đã đến XE-20260222-001',1,'2026-02-22 21:39:40'),(415,146,'shipping','vn_warehouse','Chuyến xe đã đến XE-20260222-001',1,'2026-02-22 21:39:40'),(416,147,'shipping','vn_warehouse','Chuyến xe đã đến XE-20260222-001',1,'2026-02-22 21:39:40'),(417,148,'shipping','vn_warehouse','Chuyến xe đã đến XE-20260222-001',1,'2026-02-22 21:39:40'),(418,149,'shipping','vn_warehouse','Chuyến xe đã đến XE-20260222-001',1,'2026-02-22 21:39:40'),(419,150,'shipping','vn_warehouse','Chuyến xe đã đến XE-20260222-001',1,'2026-02-22 21:39:40'),(420,151,'shipping','vn_warehouse','Chuyến xe đã đến XE-20260222-001',1,'2026-02-22 21:39:40'),(421,152,'shipping','vn_warehouse','Chuyến xe đã đến XE-20260222-001',1,'2026-02-22 21:39:40'),(422,153,'shipping','vn_warehouse','Chuyến xe đã đến XE-20260222-001',1,'2026-02-22 21:39:40'),(423,154,'shipping','vn_warehouse','Chuyến xe đã đến XE-20260222-001',1,'2026-02-22 21:39:40'),(424,155,'shipping','vn_warehouse','Chuyến xe đã đến XE-20260222-001',1,'2026-02-22 21:39:40'),(425,156,'shipping','vn_warehouse','Chuyến xe đã đến XE-20260222-001',1,'2026-02-22 21:39:40'),(426,157,'shipping','vn_warehouse','Chuyến xe đã đến XE-20260222-001',1,'2026-02-22 21:39:40'),(427,158,'shipping','vn_warehouse','Chuyến xe đã đến XE-20260222-001',1,'2026-02-22 21:39:40'),(428,159,'shipping','vn_warehouse','Chuyến xe đã đến XE-20260222-001',1,'2026-02-22 21:39:40'),(429,160,'shipping','vn_warehouse','Chuyến xe đã đến XE-20260222-001',1,'2026-02-22 21:39:40'),(430,161,'shipping','vn_warehouse','Chuyến xe đã đến XE-20260222-001',1,'2026-02-22 21:39:40'),(431,162,'shipping','vn_warehouse','Chuyến xe đã đến XE-20260222-001',1,'2026-02-22 21:39:40'),(432,163,'shipping','vn_warehouse','Chuyến xe đã đến XE-20260222-001',1,'2026-02-22 21:39:40'),(433,164,'shipping','vn_warehouse','Chuyến xe đã đến XE-20260222-001',1,'2026-02-22 21:39:40'),(434,165,'shipping','vn_warehouse','Chuyến xe đã đến XE-20260222-001',1,'2026-02-22 21:39:40'),(435,166,'shipping','vn_warehouse','Chuyến xe đã đến XE-20260222-001',1,'2026-02-22 21:39:40'),(436,167,'shipping','vn_warehouse','Chuyến xe đã đến XE-20260222-001',1,'2026-02-22 21:39:40'),(437,168,'shipping','vn_warehouse','Chuyến xe đã đến XE-20260222-001',1,'2026-02-22 21:39:40'),(438,169,'shipping','vn_warehouse','Chuyến xe đã đến XE-20260222-001',1,'2026-02-22 21:39:40'),(439,170,'shipping','vn_warehouse','Chuyến xe đã đến XE-20260222-001',1,'2026-02-22 21:39:40'),(440,171,'shipping','vn_warehouse','Chuyến xe đã đến XE-20260222-001',1,'2026-02-22 21:39:40'),(441,172,'shipping','vn_warehouse','Chuyến xe đã đến XE-20260222-001',1,'2026-02-22 21:39:40'),(442,173,'shipping','vn_warehouse','Chuyến xe đã đến XE-20260222-001',1,'2026-02-22 21:39:40'),(443,174,'shipping','vn_warehouse','Chuyến xe đã đến XE-20260222-001',1,'2026-02-22 21:39:40'),(444,175,'shipping','vn_warehouse','Chuyến xe đã đến XE-20260222-001',1,'2026-02-22 21:39:40'),(445,176,'shipping','vn_warehouse','Chuyến xe đã đến XE-20260222-001',1,'2026-02-22 21:39:40'),(446,177,'shipping','vn_warehouse','Chuyến xe đã đến XE-20260222-001',1,'2026-02-22 21:39:40'),(447,178,'shipping','vn_warehouse','Chuyến xe đã đến XE-20260222-001',1,'2026-02-22 21:39:40'),(448,179,'shipping','vn_warehouse','Chuyến xe đã đến XE-20260222-001',1,'2026-02-22 21:39:40'),(449,180,'shipping','vn_warehouse','Chuyến xe đã đến XE-20260222-001',1,'2026-02-22 21:39:40'),(450,181,'shipping','vn_warehouse','Chuyến xe đã đến XE-20260222-001',1,'2026-02-22 21:39:40'),(451,182,'shipping','vn_warehouse','Chuyến xe đã đến XE-20260222-001',1,'2026-02-22 21:39:40'),(452,183,'shipping','vn_warehouse','Chuyến xe đã đến XE-20260222-001',1,'2026-02-22 21:39:40'),(453,184,'shipping','vn_warehouse','Chuyến xe đã đến XE-20260222-001',1,'2026-02-22 21:39:40'),(454,185,'shipping','vn_warehouse','Chuyến xe đã đến XE-20260222-001',1,'2026-02-22 21:39:40'),(455,186,'shipping','vn_warehouse','Chuyến xe đã đến XE-20260222-001',1,'2026-02-22 21:39:40'),(456,187,'shipping','vn_warehouse','Chuyến xe đã đến XE-20260222-001',1,'2026-02-22 21:39:40'),(457,188,'shipping','vn_warehouse','Chuyến xe đã đến XE-20260222-001',1,'2026-02-22 21:39:40'),(458,189,'shipping','vn_warehouse','Chuyến xe đã đến XE-20260222-001',1,'2026-02-22 21:39:40'),(459,190,'shipping','vn_warehouse','Chuyến xe đã đến XE-20260222-001',1,'2026-02-22 21:39:40'),(460,191,'shipping','vn_warehouse','Chuyến xe đã đến XE-20260222-001',1,'2026-02-22 21:39:40'),(461,192,'shipping','vn_warehouse','Chuyến xe đã đến XE-20260222-001',1,'2026-02-22 21:39:40'),(462,193,'shipping','vn_warehouse','Chuyến xe đã đến XE-20260222-001',1,'2026-02-22 21:39:40'),(464,94,'shipping','vn_warehouse','Cập nhật hàng loạt',1,'2026-02-22 22:02:45'),(467,194,'','cn_warehouse','Package created',1,'2026-02-22 22:12:34'),(468,195,'','cn_warehouse','Package created',1,'2026-02-22 22:12:36'),(469,196,'','cn_warehouse','Package created',1,'2026-02-22 22:12:37'),(470,197,'','cn_warehouse','Package created',1,'2026-02-22 22:12:38'),(471,198,'','cn_warehouse','Package created',1,'2026-02-22 22:12:40'),(472,199,'','cn_warehouse','Package created',1,'2026-02-22 22:12:42'),(473,199,'cn_warehouse','packed','Đóng vào bao DSFSDF33',1,'2026-02-22 22:13:32'),(474,198,'cn_warehouse','packed','Đóng vào bao DSFSDF33',1,'2026-02-22 22:13:36'),(475,197,'cn_warehouse','packed','Đóng vào bao DSFSDF33',1,'2026-02-22 22:13:39'),(476,196,'cn_warehouse','packed','Đóng vào bao DSFSDF33',1,'2026-02-22 22:13:43'),(477,195,'cn_warehouse','packed','Đóng vào bao DSFSDF33',1,'2026-02-22 22:13:46'),(478,194,'cn_warehouse','packed','Đóng vào bao DSFSDF33',1,'2026-02-22 22:13:52'),(479,94,'vn_warehouse','cn_warehouse','Tự động cập nhật từ đơn hàng',1,'2026-02-22 22:33:16'),(480,95,'vn_warehouse','cn_warehouse','Tự động cập nhật từ đơn hàng',1,'2026-02-22 22:33:16'),(481,96,'vn_warehouse','cn_warehouse','Tự động cập nhật từ đơn hàng',1,'2026-02-22 22:33:16'),(482,97,'vn_warehouse','cn_warehouse','Tự động cập nhật từ đơn hàng',1,'2026-02-22 22:33:16'),(483,98,'vn_warehouse','cn_warehouse','Tự động cập nhật từ đơn hàng',1,'2026-02-22 22:33:16'),(484,99,'vn_warehouse','cn_warehouse','Tự động cập nhật từ đơn hàng',1,'2026-02-22 22:33:16'),(485,100,'vn_warehouse','cn_warehouse','Tự động cập nhật từ đơn hàng',1,'2026-02-22 22:33:16'),(486,101,'vn_warehouse','cn_warehouse','Tự động cập nhật từ đơn hàng',1,'2026-02-22 22:33:16'),(487,102,'vn_warehouse','cn_warehouse','Tự động cập nhật từ đơn hàng',1,'2026-02-22 22:33:16'),(488,103,'vn_warehouse','cn_warehouse','Tự động cập nhật từ đơn hàng',1,'2026-02-22 22:33:16'),(489,104,'vn_warehouse','cn_warehouse','Tự động cập nhật từ đơn hàng',1,'2026-02-22 22:33:16'),(490,105,'vn_warehouse','cn_warehouse','Tự động cập nhật từ đơn hàng',1,'2026-02-22 22:33:16'),(491,106,'vn_warehouse','cn_warehouse','Tự động cập nhật từ đơn hàng',1,'2026-02-22 22:33:16'),(492,107,'vn_warehouse','cn_warehouse','Tự động cập nhật từ đơn hàng',1,'2026-02-22 22:33:16'),(493,108,'vn_warehouse','cn_warehouse','Tự động cập nhật từ đơn hàng',1,'2026-02-22 22:33:16'),(494,109,'vn_warehouse','cn_warehouse','Tự động cập nhật từ đơn hàng',1,'2026-02-22 22:33:16'),(495,110,'vn_warehouse','cn_warehouse','Tự động cập nhật từ đơn hàng',1,'2026-02-22 22:33:16'),(496,111,'vn_warehouse','cn_warehouse','Tự động cập nhật từ đơn hàng',1,'2026-02-22 22:33:16'),(497,112,'vn_warehouse','cn_warehouse','Tự động cập nhật từ đơn hàng',1,'2026-02-22 22:33:16'),(498,113,'vn_warehouse','cn_warehouse','Tự động cập nhật từ đơn hàng',1,'2026-02-22 22:33:16'),(499,114,'vn_warehouse','cn_warehouse','Tự động cập nhật từ đơn hàng',1,'2026-02-22 22:33:16'),(500,115,'vn_warehouse','cn_warehouse','Tự động cập nhật từ đơn hàng',1,'2026-02-22 22:33:16'),(501,116,'vn_warehouse','cn_warehouse','Tự động cập nhật từ đơn hàng',1,'2026-02-22 22:33:16'),(502,117,'vn_warehouse','cn_warehouse','Tự động cập nhật từ đơn hàng',1,'2026-02-22 22:33:16'),(503,118,'vn_warehouse','cn_warehouse','Tự động cập nhật từ đơn hàng',1,'2026-02-22 22:33:16'),(504,119,'vn_warehouse','cn_warehouse','Tự động cập nhật từ đơn hàng',1,'2026-02-22 22:33:16'),(505,120,'vn_warehouse','cn_warehouse','Tự động cập nhật từ đơn hàng',1,'2026-02-22 22:33:16'),(506,121,'vn_warehouse','cn_warehouse','Tự động cập nhật từ đơn hàng',1,'2026-02-22 22:33:16'),(507,122,'vn_warehouse','cn_warehouse','Tự động cập nhật từ đơn hàng',1,'2026-02-22 22:33:16'),(508,123,'vn_warehouse','cn_warehouse','Tự động cập nhật từ đơn hàng',1,'2026-02-22 22:33:16'),(509,124,'vn_warehouse','cn_warehouse','Tự động cập nhật từ đơn hàng',1,'2026-02-22 22:33:16'),(510,125,'vn_warehouse','cn_warehouse','Tự động cập nhật từ đơn hàng',1,'2026-02-22 22:33:16'),(511,126,'vn_warehouse','cn_warehouse','Tự động cập nhật từ đơn hàng',1,'2026-02-22 22:33:16'),(512,127,'vn_warehouse','cn_warehouse','Tự động cập nhật từ đơn hàng',1,'2026-02-22 22:33:16'),(513,128,'vn_warehouse','cn_warehouse','Tự động cập nhật từ đơn hàng',1,'2026-02-22 22:33:16'),(514,129,'vn_warehouse','cn_warehouse','Tự động cập nhật từ đơn hàng',1,'2026-02-22 22:33:16'),(515,130,'vn_warehouse','cn_warehouse','Tự động cập nhật từ đơn hàng',1,'2026-02-22 22:33:16'),(516,131,'vn_warehouse','cn_warehouse','Tự động cập nhật từ đơn hàng',1,'2026-02-22 22:33:16'),(517,132,'vn_warehouse','cn_warehouse','Tự động cập nhật từ đơn hàng',1,'2026-02-22 22:33:16'),(518,133,'vn_warehouse','cn_warehouse','Tự động cập nhật từ đơn hàng',1,'2026-02-22 22:33:16'),(519,134,'vn_warehouse','cn_warehouse','Tự động cập nhật từ đơn hàng',1,'2026-02-22 22:33:16'),(520,135,'vn_warehouse','cn_warehouse','Tự động cập nhật từ đơn hàng',1,'2026-02-22 22:33:16'),(521,136,'vn_warehouse','cn_warehouse','Tự động cập nhật từ đơn hàng',1,'2026-02-22 22:33:16'),(522,137,'vn_warehouse','cn_warehouse','Tự động cập nhật từ đơn hàng',1,'2026-02-22 22:33:16'),(523,138,'vn_warehouse','cn_warehouse','Tự động cập nhật từ đơn hàng',1,'2026-02-22 22:33:16'),(524,139,'vn_warehouse','cn_warehouse','Tự động cập nhật từ đơn hàng',1,'2026-02-22 22:33:16'),(525,140,'vn_warehouse','cn_warehouse','Tự động cập nhật từ đơn hàng',1,'2026-02-22 22:33:16'),(526,141,'vn_warehouse','cn_warehouse','Tự động cập nhật từ đơn hàng',1,'2026-02-22 22:33:16'),(527,142,'vn_warehouse','cn_warehouse','Tự động cập nhật từ đơn hàng',1,'2026-02-22 22:33:16'),(528,143,'vn_warehouse','cn_warehouse','Tự động cập nhật từ đơn hàng',1,'2026-02-22 22:33:16'),(529,144,'vn_warehouse','cn_warehouse','Tự động cập nhật từ đơn hàng',1,'2026-02-22 22:33:16'),(530,145,'vn_warehouse','cn_warehouse','Tự động cập nhật từ đơn hàng',1,'2026-02-22 22:33:16'),(531,146,'vn_warehouse','cn_warehouse','Tự động cập nhật từ đơn hàng',1,'2026-02-22 22:33:16'),(532,147,'vn_warehouse','cn_warehouse','Tự động cập nhật từ đơn hàng',1,'2026-02-22 22:33:16'),(533,148,'vn_warehouse','cn_warehouse','Tự động cập nhật từ đơn hàng',1,'2026-02-22 22:33:16'),(534,149,'vn_warehouse','cn_warehouse','Tự động cập nhật từ đơn hàng',1,'2026-02-22 22:33:16'),(535,150,'vn_warehouse','cn_warehouse','Tự động cập nhật từ đơn hàng',1,'2026-02-22 22:33:16'),(536,151,'vn_warehouse','cn_warehouse','Tự động cập nhật từ đơn hàng',1,'2026-02-22 22:33:16'),(537,152,'vn_warehouse','cn_warehouse','Tự động cập nhật từ đơn hàng',1,'2026-02-22 22:33:16'),(538,153,'vn_warehouse','cn_warehouse','Tự động cập nhật từ đơn hàng',1,'2026-02-22 22:33:16'),(539,154,'vn_warehouse','cn_warehouse','Tự động cập nhật từ đơn hàng',1,'2026-02-22 22:33:16'),(540,155,'vn_warehouse','cn_warehouse','Tự động cập nhật từ đơn hàng',1,'2026-02-22 22:33:16'),(541,156,'vn_warehouse','cn_warehouse','Tự động cập nhật từ đơn hàng',1,'2026-02-22 22:33:16'),(542,157,'vn_warehouse','cn_warehouse','Tự động cập nhật từ đơn hàng',1,'2026-02-22 22:33:16'),(543,158,'vn_warehouse','cn_warehouse','Tự động cập nhật từ đơn hàng',1,'2026-02-22 22:33:16'),(544,159,'vn_warehouse','cn_warehouse','Tự động cập nhật từ đơn hàng',1,'2026-02-22 22:33:16'),(545,160,'vn_warehouse','cn_warehouse','Tự động cập nhật từ đơn hàng',1,'2026-02-22 22:33:16'),(546,161,'vn_warehouse','cn_warehouse','Tự động cập nhật từ đơn hàng',1,'2026-02-22 22:33:16'),(547,162,'vn_warehouse','cn_warehouse','Tự động cập nhật từ đơn hàng',1,'2026-02-22 22:33:16'),(548,163,'vn_warehouse','cn_warehouse','Tự động cập nhật từ đơn hàng',1,'2026-02-22 22:33:16'),(549,164,'vn_warehouse','cn_warehouse','Tự động cập nhật từ đơn hàng',1,'2026-02-22 22:33:16'),(550,165,'vn_warehouse','cn_warehouse','Tự động cập nhật từ đơn hàng',1,'2026-02-22 22:33:16'),(551,166,'vn_warehouse','cn_warehouse','Tự động cập nhật từ đơn hàng',1,'2026-02-22 22:33:16'),(552,167,'vn_warehouse','cn_warehouse','Tự động cập nhật từ đơn hàng',1,'2026-02-22 22:33:16'),(553,168,'vn_warehouse','cn_warehouse','Tự động cập nhật từ đơn hàng',1,'2026-02-22 22:33:16'),(554,169,'vn_warehouse','cn_warehouse','Tự động cập nhật từ đơn hàng',1,'2026-02-22 22:33:16'),(555,170,'vn_warehouse','cn_warehouse','Tự động cập nhật từ đơn hàng',1,'2026-02-22 22:33:16'),(556,171,'vn_warehouse','cn_warehouse','Tự động cập nhật từ đơn hàng',1,'2026-02-22 22:33:16'),(557,172,'vn_warehouse','cn_warehouse','Tự động cập nhật từ đơn hàng',1,'2026-02-22 22:33:16'),(558,173,'vn_warehouse','cn_warehouse','Tự động cập nhật từ đơn hàng',1,'2026-02-22 22:33:16'),(559,174,'vn_warehouse','cn_warehouse','Tự động cập nhật từ đơn hàng',1,'2026-02-22 22:33:16'),(560,175,'vn_warehouse','cn_warehouse','Tự động cập nhật từ đơn hàng',1,'2026-02-22 22:33:16'),(561,176,'vn_warehouse','cn_warehouse','Tự động cập nhật từ đơn hàng',1,'2026-02-22 22:33:16'),(562,177,'vn_warehouse','cn_warehouse','Tự động cập nhật từ đơn hàng',1,'2026-02-22 22:33:16'),(563,178,'vn_warehouse','cn_warehouse','Tự động cập nhật từ đơn hàng',1,'2026-02-22 22:33:16'),(564,179,'vn_warehouse','cn_warehouse','Tự động cập nhật từ đơn hàng',1,'2026-02-22 22:33:16'),(565,180,'vn_warehouse','cn_warehouse','Tự động cập nhật từ đơn hàng',1,'2026-02-22 22:33:17'),(566,181,'vn_warehouse','cn_warehouse','Tự động cập nhật từ đơn hàng',1,'2026-02-22 22:33:17'),(567,182,'vn_warehouse','cn_warehouse','Tự động cập nhật từ đơn hàng',1,'2026-02-22 22:33:17'),(568,183,'vn_warehouse','cn_warehouse','Tự động cập nhật từ đơn hàng',1,'2026-02-22 22:33:17'),(569,184,'vn_warehouse','cn_warehouse','Tự động cập nhật từ đơn hàng',1,'2026-02-22 22:33:17'),(570,185,'vn_warehouse','cn_warehouse','Tự động cập nhật từ đơn hàng',1,'2026-02-22 22:33:17'),(571,186,'vn_warehouse','cn_warehouse','Tự động cập nhật từ đơn hàng',1,'2026-02-22 22:33:17'),(572,187,'vn_warehouse','cn_warehouse','Tự động cập nhật từ đơn hàng',1,'2026-02-22 22:33:17'),(573,188,'vn_warehouse','cn_warehouse','Tự động cập nhật từ đơn hàng',1,'2026-02-22 22:33:17'),(574,189,'vn_warehouse','cn_warehouse','Tự động cập nhật từ đơn hàng',1,'2026-02-22 22:33:17'),(575,190,'vn_warehouse','cn_warehouse','Tự động cập nhật từ đơn hàng',1,'2026-02-22 22:33:17'),(576,191,'vn_warehouse','cn_warehouse','Tự động cập nhật từ đơn hàng',1,'2026-02-22 22:33:17'),(577,192,'vn_warehouse','cn_warehouse','Tự động cập nhật từ đơn hàng',1,'2026-02-22 22:33:17'),(578,193,'vn_warehouse','cn_warehouse','Tự động cập nhật từ đơn hàng',1,'2026-02-22 22:33:17');
/*!40000 ALTER TABLE `package_status_history` ENABLE KEYS */;
UNLOCK TABLES;

--
-- Table structure for table `packages`
--

DROP TABLE IF EXISTS `packages`;
/*!40101 SET @saved_cs_client     = @@character_set_client */;
/*!40101 SET character_set_client = utf8 */;
CREATE TABLE `packages` (
  `id` int(11) NOT NULL AUTO_INCREMENT,
  `package_code` varchar(50) NOT NULL,
  `tracking_cn` varchar(100) DEFAULT NULL,
  `tracking_intl` varchar(100) DEFAULT NULL,
  `tracking_vn` varchar(100) DEFAULT NULL,
  `weight_actual` decimal(10,2) DEFAULT 0.00,
  `weight_volume` decimal(10,2) DEFAULT 0.00,
  `weight_charged` decimal(10,2) DEFAULT 0.00,
  `length_cm` decimal(10,2) DEFAULT 0.00,
  `width_cm` decimal(10,2) DEFAULT 0.00,
  `height_cm` decimal(10,2) DEFAULT 0.00,
  `shipping_method` enum('road','sea','air') DEFAULT 'road',
  `status` enum('pending','cn_warehouse','packed','shipping','vn_warehouse','delivered') NOT NULL DEFAULT 'pending',
  `cn_warehouse_date` datetime DEFAULT NULL,
  `packed_date` datetime DEFAULT NULL,
  `shipping_date` datetime DEFAULT NULL,
  `vn_warehouse_date` datetime DEFAULT NULL,
  `delivered_date` datetime DEFAULT NULL,
  `note` text DEFAULT NULL,
  `created_by` int(11) DEFAULT NULL,
  `create_date` datetime DEFAULT current_timestamp(),
  `update_date` datetime DEFAULT current_timestamp() ON UPDATE current_timestamp(),
  PRIMARY KEY (`id`),
  UNIQUE KEY `package_code` (`package_code`),
  KEY `idx_pkg_code` (`package_code`),
  KEY `idx_pkg_tracking_cn` (`tracking_cn`),
  KEY `idx_pkg_tracking_intl` (`tracking_intl`),
  KEY `idx_pkg_tracking_vn` (`tracking_vn`),
  KEY `idx_pkg_status` (`status`)
) ENGINE=InnoDB AUTO_INCREMENT=200 DEFAULT CHARSET=utf8mb4 COLLATE=utf8mb4_unicode_ci;
/*!40101 SET character_set_client = @saved_cs_client */;

--
-- Dumping data for table `packages`
--

LOCK TABLES `packages` WRITE;
/*!40000 ALTER TABLE `packages` DISABLE KEYS */;
INSERT INTO `packages` VALUES (4,'PKG20260221004','','','',50.00,121.50,121.50,90.00,90.00,90.00,'road','pending',NULL,NULL,NULL,NULL,NULL,'',1,'2026-02-21 23:24:46','2026-02-21 23:24:46'),(5,'PKG20260221005','','','',50.00,121.50,121.50,90.00,90.00,90.00,'road','pending',NULL,NULL,NULL,NULL,NULL,'',1,'2026-02-21 23:24:46','2026-02-21 23:24:46'),(6,'PKG20260221006','','','',45.00,150.00,150.00,100.00,100.00,90.00,'road','pending',NULL,NULL,NULL,NULL,NULL,'',1,'2026-02-21 23:24:46','2026-02-21 23:24:46'),(7,'PKG20260221007','','','',45.00,150.00,150.00,100.00,100.00,90.00,'road','pending',NULL,NULL,NULL,NULL,NULL,'',1,'2026-02-21 23:24:46','2026-02-21 23:24:46'),(8,'PKG20260221008','','','',45.00,150.00,150.00,100.00,100.00,90.00,'road','pending',NULL,NULL,NULL,NULL,NULL,'',1,'2026-02-21 23:24:46','2026-02-21 23:24:46'),(9,'PKG20260221009','','','',45.00,150.00,150.00,100.00,100.00,90.00,'road','pending',NULL,NULL,NULL,NULL,NULL,'',1,'2026-02-21 23:24:46','2026-02-21 23:24:46'),(10,'PKG20260221010','','','',45.00,150.00,150.00,100.00,100.00,90.00,'road','pending',NULL,NULL,NULL,NULL,NULL,'',1,'2026-02-21 23:24:46','2026-02-21 23:24:46'),(11,'PKG20260221011','DSFSDFDSF659','','',0.00,0.00,0.00,0.00,0.00,0.00,'road','pending',NULL,NULL,NULL,NULL,NULL,'',1,'2026-02-21 23:47:32','2026-02-21 23:47:32'),(12,'PKG20260221012','DFSDFDSF0515','','',0.00,0.00,0.00,0.00,0.00,0.00,'road','pending',NULL,NULL,NULL,NULL,NULL,'',1,'2026-02-21 23:47:38','2026-02-21 23:47:38'),(13,'PKG20260221013','SDASDSA06165','','',0.00,0.00,0.00,0.00,0.00,0.00,'road','pending',NULL,NULL,NULL,NULL,NULL,'',1,'2026-02-21 23:48:13','2026-02-21 23:48:13'),(14,'PKG20260221014','SDSADASD36660','','',0.00,0.00,0.00,0.00,0.00,0.00,'road','pending',NULL,NULL,NULL,NULL,NULL,'',1,'2026-02-21 23:49:18','2026-02-21 23:49:18'),(15,'PKG20260221015','SDSADASD36660','','',0.00,0.00,0.00,0.00,0.00,0.00,'road','pending',NULL,NULL,NULL,NULL,NULL,'',1,'2026-02-21 23:49:39','2026-02-21 23:49:39'),(16,'PKG20260221016','SDSADASD36660','','',0.00,0.00,0.00,0.00,0.00,0.00,'road','pending',NULL,NULL,NULL,NULL,NULL,'',1,'2026-02-21 23:51:02','2026-02-21 23:51:02'),(17,'PKG20260221017','dsfds000','','',0.00,0.00,0.00,0.00,0.00,0.00,'road','pending',NULL,NULL,NULL,NULL,NULL,'',1,'2026-02-21 23:51:10','2026-02-21 23:51:10'),(18,'PKG20260221018','SDSADASD36660','','',0.00,0.00,0.00,0.00,0.00,0.00,'road','pending',NULL,NULL,NULL,NULL,NULL,'',1,'2026-02-21 23:55:16','2026-02-21 23:55:16'),(19,'PKG20260221019','SDSADASD366434','','',0.00,0.00,0.00,0.00,0.00,0.00,'road','pending',NULL,NULL,NULL,NULL,NULL,'',1,'2026-02-21 23:55:34','2026-02-21 23:55:34'),(20,'PKG20260221020','sadasdasdsa65626','','',0.00,0.00,0.00,0.00,0.00,0.00,'road','pending',NULL,NULL,NULL,NULL,NULL,'',1,'2026-02-21 23:55:53','2026-02-21 23:55:53'),(21,'PKG20260221021','SDSADASD36660','','',0.00,0.00,0.00,0.00,0.00,0.00,'road','pending',NULL,NULL,NULL,NULL,NULL,'',1,'2026-02-21 23:55:59','2026-02-21 23:55:59'),(23,'PKG20260221023','fsdfdsf2354','','',0.00,0.00,0.00,0.00,0.00,0.00,'road','pending',NULL,NULL,NULL,NULL,NULL,'',1,'2026-02-21 23:59:33','2026-02-21 23:59:33'),(24,'PKG20260221024','tytrytrytr4254','','',0.00,0.00,0.00,0.00,0.00,0.00,'road','pending',NULL,NULL,NULL,NULL,NULL,'',1,'2026-02-21 23:59:37','2026-02-21 23:59:37'),(26,'PKG20260222002','','','',100.00,166.67,166.67,100.00,100.00,100.00,'road','cn_warehouse',NULL,NULL,NULL,NULL,NULL,'',1,'2026-02-22 09:41:28','2026-02-22 09:41:28'),(29,'PKG20260222005','','','',250.00,15.00,250.00,50.00,50.00,36.00,'road','cn_warehouse',NULL,NULL,NULL,NULL,NULL,'',1,'2026-02-22 10:07:51','2026-02-22 10:07:51'),(30,'PKG20260222006','','','',250.00,15.00,250.00,50.00,50.00,36.00,'road','cn_warehouse',NULL,NULL,NULL,NULL,NULL,'',1,'2026-02-22 10:07:51','2026-02-22 10:07:51'),(31,'PKG20260222007','','','',250.00,15.00,250.00,50.00,50.00,36.00,'road','cn_warehouse',NULL,NULL,NULL,NULL,NULL,'',1,'2026-02-22 10:07:51','2026-02-22 10:07:51'),(32,'PKG20260222008','','','',250.00,15.00,250.00,50.00,50.00,36.00,'road','cn_warehouse',NULL,NULL,NULL,NULL,NULL,'',1,'2026-02-22 10:07:51','2026-02-22 10:07:51'),(33,'PKG20260222009','','','',250.00,15.00,250.00,50.00,50.00,36.00,'road','cn_warehouse',NULL,NULL,NULL,NULL,NULL,'',1,'2026-02-22 10:07:51','2026-02-22 10:07:51'),(34,'PKG20260222010','','','',250.00,15.00,250.00,50.00,50.00,36.00,'road','cn_warehouse',NULL,NULL,NULL,NULL,NULL,'',1,'2026-02-22 10:07:51','2026-02-22 10:07:51'),(35,'PKG20260222011','','','',250.00,15.00,250.00,50.00,50.00,36.00,'road','cn_warehouse',NULL,NULL,NULL,NULL,NULL,'',1,'2026-02-22 10:07:51','2026-02-22 10:07:51'),(36,'PKG20260222012','','','',250.00,15.00,250.00,50.00,50.00,36.00,'road','cn_warehouse',NULL,NULL,NULL,NULL,NULL,'',1,'2026-02-22 10:07:51','2026-02-22 10:07:51'),(37,'PKG20260222013','','','',250.00,15.00,250.00,50.00,50.00,36.00,'road','cn_warehouse',NULL,NULL,NULL,NULL,NULL,'',1,'2026-02-22 10:07:51','2026-02-22 10:07:51'),(38,'PKG20260222014','','','',250.00,15.00,250.00,50.00,50.00,36.00,'road','cn_warehouse',NULL,NULL,NULL,NULL,NULL,'',1,'2026-02-22 10:07:51','2026-02-22 10:07:51'),(39,'PKG20260222015','','','',250.00,15.00,250.00,50.00,50.00,36.00,'road','cn_warehouse',NULL,NULL,NULL,NULL,NULL,'',1,'2026-02-22 10:07:51','2026-02-22 10:07:51'),(40,'PKG20260222016','','','',250.00,15.00,250.00,50.00,50.00,36.00,'road','cn_warehouse',NULL,NULL,NULL,NULL,NULL,'',1,'2026-02-22 10:07:51','2026-02-22 10:07:51'),(41,'PKG20260222017','','','',25.00,8.17,25.00,35.00,35.00,40.00,'road','cn_warehouse',NULL,NULL,NULL,NULL,NULL,'',1,'2026-02-22 10:07:51','2026-02-22 10:07:51'),(42,'PKG20260222018','','','',25.00,8.17,25.00,35.00,35.00,40.00,'road','cn_warehouse',NULL,NULL,NULL,NULL,NULL,'',1,'2026-02-22 10:07:51','2026-02-22 10:07:51'),(43,'PKG20260222019','','','',25.00,8.17,25.00,35.00,35.00,40.00,'road','cn_warehouse',NULL,NULL,NULL,NULL,NULL,'',1,'2026-02-22 10:07:51','2026-02-22 10:07:51'),(44,'PKG20260222020','','','',25.00,8.17,25.00,35.00,35.00,40.00,'road','cn_warehouse',NULL,NULL,NULL,NULL,NULL,'',1,'2026-02-22 10:07:51','2026-02-22 10:07:51'),(45,'PKG20260222021','','','',25.00,8.17,25.00,35.00,35.00,40.00,'road','cn_warehouse',NULL,NULL,NULL,NULL,NULL,'',1,'2026-02-22 10:07:51','2026-02-22 10:07:51'),(46,'PKG20260222022','','','',25.00,8.17,25.00,35.00,35.00,40.00,'road','cn_warehouse',NULL,NULL,NULL,NULL,NULL,'',1,'2026-02-22 10:07:51','2026-02-22 10:07:51'),(47,'PKG20260222023','','','',25.00,8.17,25.00,35.00,35.00,40.00,'road','cn_warehouse',NULL,NULL,NULL,NULL,NULL,'',1,'2026-02-22 10:07:51','2026-02-22 10:07:51'),(48,'PKG20260222024','','','',25.00,8.17,25.00,35.00,35.00,40.00,'road','cn_warehouse',NULL,NULL,NULL,NULL,NULL,'',1,'2026-02-22 10:07:51','2026-02-22 10:07:51'),(49,'PKG20260222025','','','',25.00,8.17,25.00,35.00,35.00,40.00,'road','cn_warehouse',NULL,NULL,NULL,NULL,NULL,'',1,'2026-02-22 10:07:51','2026-02-22 10:07:51'),(50,'PKG20260222026','','','',25.00,8.17,25.00,35.00,35.00,40.00,'road','cn_warehouse',NULL,NULL,NULL,NULL,NULL,'',1,'2026-02-22 10:07:51','2026-02-22 10:07:51'),(51,'PKG20260222027','','','',25.00,8.17,25.00,35.00,35.00,40.00,'road','cn_warehouse',NULL,NULL,NULL,NULL,NULL,'',1,'2026-02-22 10:07:51','2026-02-22 10:07:51'),(52,'PKG20260222028','','','',25.00,8.17,25.00,35.00,35.00,40.00,'road','cn_warehouse',NULL,NULL,NULL,NULL,NULL,'',1,'2026-02-22 10:07:51','2026-02-22 10:07:51'),(53,'PKG20260222029','','','',25.00,8.17,25.00,35.00,35.00,40.00,'road','cn_warehouse',NULL,NULL,NULL,NULL,NULL,'',1,'2026-02-22 10:07:51','2026-02-22 10:07:51'),(54,'PKG20260222030','','','',25.00,8.17,25.00,35.00,35.00,40.00,'road','cn_warehouse',NULL,NULL,NULL,NULL,NULL,'',1,'2026-02-22 10:07:51','2026-02-22 10:07:51'),(55,'PKG20260222031','','','',25.00,8.17,25.00,35.00,35.00,40.00,'road','cn_warehouse',NULL,NULL,NULL,NULL,NULL,'',1,'2026-02-22 10:07:51','2026-02-22 10:07:51'),(81,'PKG20260222057','','','',100.00,166.67,166.67,100.00,100.00,100.00,'road','cn_warehouse','2026-02-22 20:26:22',NULL,NULL,NULL,NULL,'',1,'2026-02-22 12:10:51','2026-02-22 20:26:22'),(82,'PKG20260222058','','','',100.00,166.67,166.67,100.00,100.00,100.00,'road','cn_warehouse','2026-02-22 20:26:22',NULL,NULL,NULL,NULL,'',1,'2026-02-22 12:10:54','2026-02-22 20:26:22'),(83,'PKG20260222059','','','',100.00,166.67,166.67,100.00,100.00,100.00,'road','cn_warehouse','2026-02-22 20:26:22',NULL,NULL,NULL,NULL,'',1,'2026-02-22 12:10:56','2026-02-22 20:26:22'),(84,'PKG20260222060','','','',100.00,166.67,166.67,100.00,100.00,100.00,'road','cn_warehouse','2026-02-22 20:26:22',NULL,NULL,NULL,NULL,'',1,'2026-02-22 12:11:08','2026-02-22 20:26:22'),(85,'PKG20260222061','','','',100.00,166.67,166.67,100.00,100.00,100.00,'road','cn_warehouse','2026-02-22 20:26:22',NULL,NULL,NULL,NULL,'',1,'2026-02-22 12:11:20','2026-02-22 20:26:22'),(86,'PKG20260222062','','','',100.00,166.67,166.67,100.00,100.00,100.00,'road','cn_warehouse','2026-02-22 20:26:22',NULL,NULL,NULL,NULL,'',1,'2026-02-22 12:11:45','2026-02-22 20:26:22'),(87,'PKG20260222063','','','',100.00,1333.33,1333.33,200.00,200.00,200.00,'road','cn_warehouse','2026-02-22 20:26:22',NULL,NULL,NULL,NULL,'',1,'2026-02-22 12:12:06','2026-02-22 20:26:22'),(88,'PKG20260222064','','','',250.00,166.67,250.00,100.00,100.00,100.00,'road','cn_warehouse','2026-02-22 20:26:22',NULL,NULL,NULL,NULL,'',1,'2026-02-22 12:20:56','2026-02-22 20:26:22'),(89,'PKG20260222065','','','',200.00,1333.33,1333.33,200.00,200.00,200.00,'road','cn_warehouse','2026-02-22 19:50:35',NULL,'2026-02-22 17:53:28',NULL,NULL,'',1,'2026-02-22 16:54:20','2026-02-22 19:50:35'),(90,'PKG20260222066','','','',200.00,1333.33,1333.33,200.00,200.00,200.00,'road','cn_warehouse','2026-02-22 19:50:35',NULL,'2026-02-22 17:53:28',NULL,NULL,'',1,'2026-02-22 16:54:20','2026-02-22 19:50:35'),(91,'PKG20260222067','','','',200.00,1333.33,1333.33,200.00,200.00,200.00,'road','cn_warehouse','2026-02-22 19:50:35',NULL,'2026-02-22 19:50:26',NULL,NULL,'',1,'2026-02-22 16:54:20','2026-02-22 19:50:35'),(92,'PKG20260222068','','','',153.00,1396.50,1396.50,266.00,125.00,252.00,'road','cn_warehouse','2026-02-22 20:26:13',NULL,'2026-02-22 19:49:27',NULL,NULL,'',1,'2026-02-22 16:55:04','2026-02-22 20:26:13'),(93,'PKG20260222069','','','',153.00,1396.50,1396.50,266.00,125.00,252.00,'road','cn_warehouse','2026-02-22 19:50:35',NULL,'2026-02-22 19:50:10',NULL,NULL,'',1,'2026-02-22 16:55:04','2026-02-22 19:50:35'),(94,'PKG20260222070','','','',100.00,166.67,166.67,100.00,100.00,100.00,'road','cn_warehouse','2026-02-22 20:09:24',NULL,'2026-02-22 21:22:53','2026-02-22 22:02:45',NULL,'',1,'2026-02-22 19:52:20','2026-02-22 22:33:16'),(95,'PKG20260222071','','','',100.00,166.67,166.67,100.00,100.00,100.00,'road','cn_warehouse','2026-02-22 20:09:24',NULL,'2026-02-22 21:22:53','2026-02-22 21:39:40',NULL,'',1,'2026-02-22 19:52:20','2026-02-22 22:33:16'),(96,'PKG20260222072','','','',100.00,166.67,166.67,100.00,100.00,100.00,'road','cn_warehouse','2026-02-22 20:09:24',NULL,'2026-02-22 21:22:53','2026-02-22 21:39:40',NULL,'',1,'2026-02-22 19:52:20','2026-02-22 22:33:16'),(97,'PKG20260222073','','','',100.00,166.67,166.67,100.00,100.00,100.00,'road','cn_warehouse','2026-02-22 20:09:24',NULL,'2026-02-22 21:22:53','2026-02-22 21:39:40',NULL,'',1,'2026-02-22 19:52:20','2026-02-22 22:33:16'),(98,'PKG20260222074','','','',100.00,166.67,166.67,100.00,100.00,100.00,'road','cn_warehouse','2026-02-22 20:09:24',NULL,'2026-02-22 21:22:53','2026-02-22 21:39:40',NULL,'',1,'2026-02-22 19:52:20','2026-02-22 22:33:16'),(99,'PKG20260222075','','','',100.00,166.67,166.67,100.00,100.00,100.00,'road','cn_warehouse','2026-02-22 20:09:24',NULL,'2026-02-22 21:22:53','2026-02-22 21:39:40',NULL,'',1,'2026-02-22 19:52:20','2026-02-22 22:33:16'),(100,'PKG20260222076','','','',100.00,166.67,166.67,100.00,100.00,100.00,'road','cn_warehouse','2026-02-22 20:09:24',NULL,'2026-02-22 21:22:53','2026-02-22 21:39:40',NULL,'',1,'2026-02-22 19:52:20','2026-02-22 22:33:16'),(101,'PKG20260222077','','','',100.00,166.67,166.67,100.00,100.00,100.00,'road','cn_warehouse','2026-02-22 20:09:24',NULL,'2026-02-22 21:22:53','2026-02-22 21:39:40',NULL,'',1,'2026-02-22 19:52:20','2026-02-22 22:33:16'),(102,'PKG20260222078','','','',100.00,166.67,166.67,100.00,100.00,100.00,'road','cn_warehouse','2026-02-22 20:09:24',NULL,'2026-02-22 21:22:53','2026-02-22 21:39:40',NULL,'',1,'2026-02-22 19:52:20','2026-02-22 22:33:16'),(103,'PKG20260222079','','','',100.00,166.67,166.67,100.00,100.00,100.00,'road','cn_warehouse','2026-02-22 20:09:24',NULL,'2026-02-22 21:22:53','2026-02-22 21:39:40',NULL,'',1,'2026-02-22 19:52:20','2026-02-22 22:33:16'),(104,'PKG20260222080','','','',100.00,166.67,166.67,100.00,100.00,100.00,'road','cn_warehouse','2026-02-22 22:33:16',NULL,'2026-02-22 21:22:53','2026-02-22 21:39:40',NULL,'',1,'2026-02-22 19:52:20','2026-02-22 22:33:16'),(105,'PKG20260222081','','','',100.00,166.67,166.67,100.00,100.00,100.00,'road','cn_warehouse','2026-02-22 22:33:16',NULL,'2026-02-22 21:22:53','2026-02-22 21:39:40',NULL,'',1,'2026-02-22 19:52:20','2026-02-22 22:33:16'),(106,'PKG20260222082','','','',100.00,166.67,166.67,100.00,100.00,100.00,'road','cn_warehouse','2026-02-22 22:33:16',NULL,'2026-02-22 21:22:53','2026-02-22 21:39:40',NULL,'',1,'2026-02-22 19:52:20','2026-02-22 22:33:16'),(107,'PKG20260222083','','','',100.00,166.67,166.67,100.00,100.00,100.00,'road','cn_warehouse','2026-02-22 22:33:16',NULL,'2026-02-22 21:22:53','2026-02-22 21:39:40',NULL,'',1,'2026-02-22 19:52:20','2026-02-22 22:33:16'),(108,'PKG20260222084','','','',100.00,166.67,166.67,100.00,100.00,100.00,'road','cn_warehouse','2026-02-22 22:33:16',NULL,'2026-02-22 21:22:53','2026-02-22 21:39:40',NULL,'',1,'2026-02-22 19:52:20','2026-02-22 22:33:16'),(109,'PKG20260222085','','','',100.00,166.67,166.67,100.00,100.00,100.00,'road','cn_warehouse','2026-02-22 22:33:16',NULL,'2026-02-22 21:22:53','2026-02-22 21:39:40',NULL,'',1,'2026-02-22 19:52:20','2026-02-22 22:33:16'),(110,'PKG20260222086','','','',100.00,166.67,166.67,100.00,100.00,100.00,'road','cn_warehouse','2026-02-22 22:33:16',NULL,'2026-02-22 21:22:53','2026-02-22 21:39:40',NULL,'',1,'2026-02-22 19:52:20','2026-02-22 22:33:16'),(111,'PKG20260222087','','','',100.00,166.67,166.67,100.00,100.00,100.00,'road','cn_warehouse','2026-02-22 22:33:16',NULL,'2026-02-22 21:22:53','2026-02-22 21:39:40',NULL,'',1,'2026-02-22 19:52:20','2026-02-22 22:33:16'),(112,'PKG20260222088','','','',100.00,166.67,166.67,100.00,100.00,100.00,'road','cn_warehouse','2026-02-22 22:33:16',NULL,'2026-02-22 21:22:53','2026-02-22 21:39:40',NULL,'',1,'2026-02-22 19:52:20','2026-02-22 22:33:16'),(113,'PKG20260222089','','','',100.00,166.67,166.67,100.00,100.00,100.00,'road','cn_warehouse','2026-02-22 22:33:16',NULL,'2026-02-22 21:22:53','2026-02-22 21:39:40',NULL,'',1,'2026-02-22 19:52:20','2026-02-22 22:33:16'),(114,'PKG20260222090','','','',100.00,166.67,166.67,100.00,100.00,100.00,'road','cn_warehouse','2026-02-22 22:33:16',NULL,'2026-02-22 21:22:53','2026-02-22 21:39:40',NULL,'',1,'2026-02-22 19:52:20','2026-02-22 22:33:16'),(115,'PKG20260222091','','','',100.00,166.67,166.67,100.00,100.00,100.00,'road','cn_warehouse','2026-02-22 22:33:16',NULL,'2026-02-22 21:22:53','2026-02-22 21:39:40',NULL,'',1,'2026-02-22 19:52:20','2026-02-22 22:33:16'),(116,'PKG20260222092','','','',100.00,166.67,166.67,100.00,100.00,100.00,'road','cn_warehouse','2026-02-22 22:33:16',NULL,'2026-02-22 21:22:53','2026-02-22 21:39:40',NULL,'',1,'2026-02-22 19:52:20','2026-02-22 22:33:16'),(117,'PKG20260222093','','','',100.00,166.67,166.67,100.00,100.00,100.00,'road','cn_warehouse','2026-02-22 22:33:16',NULL,'2026-02-22 21:22:53','2026-02-22 21:39:40',NULL,'',1,'2026-02-22 19:52:20','2026-02-22 22:33:16'),(118,'PKG20260222094','','','',100.00,166.67,166.67,100.00,100.00,100.00,'road','cn_warehouse','2026-02-22 22:33:16',NULL,'2026-02-22 21:22:53','2026-02-22 21:39:40',NULL,'',1,'2026-02-22 19:52:20','2026-02-22 22:33:16'),(119,'PKG20260222095','','','',100.00,166.67,166.67,100.00,100.00,100.00,'road','cn_warehouse','2026-02-22 22:33:16',NULL,'2026-02-22 21:22:53','2026-02-22 21:39:40',NULL,'',1,'2026-02-22 19:52:20','2026-02-22 22:33:16'),(120,'PKG20260222096','','','',100.00,166.67,166.67,100.00,100.00,100.00,'road','cn_warehouse','2026-02-22 22:33:16',NULL,'2026-02-22 21:22:53','2026-02-22 21:39:40',NULL,'',1,'2026-02-22 19:52:20','2026-02-22 22:33:16'),(121,'PKG20260222097','','','',100.00,166.67,166.67,100.00,100.00,100.00,'road','cn_warehouse','2026-02-22 22:33:16',NULL,'2026-02-22 21:22:53','2026-02-22 21:39:40',NULL,'',1,'2026-02-22 19:52:20','2026-02-22 22:33:16'),(122,'PKG20260222098','','','',100.00,166.67,166.67,100.00,100.00,100.00,'road','cn_warehouse','2026-02-22 22:33:16',NULL,'2026-02-22 21:22:53','2026-02-22 21:39:40',NULL,'',1,'2026-02-22 19:52:20','2026-02-22 22:33:16'),(123,'PKG20260222099','','','',100.00,166.67,166.67,100.00,100.00,100.00,'road','cn_warehouse','2026-02-22 22:33:16',NULL,'2026-02-22 21:22:53','2026-02-22 21:39:40',NULL,'',1,'2026-02-22 19:52:20','2026-02-22 22:33:16'),(124,'PKG20260222100','','','',200.00,1333.33,1333.33,200.00,200.00,200.00,'road','cn_warehouse','2026-02-22 20:09:24',NULL,'2026-02-22 21:22:53','2026-02-22 21:39:40',NULL,'',1,'2026-02-22 19:52:20','2026-02-22 22:33:16'),(125,'PKG20260222101','','','',200.00,1333.33,1333.33,200.00,200.00,200.00,'road','cn_warehouse','2026-02-22 20:09:24',NULL,'2026-02-22 21:22:53','2026-02-22 21:39:40',NULL,'',1,'2026-02-22 19:52:21','2026-02-22 22:33:16'),(126,'PKG20260222102','','','',200.00,1333.33,1333.33,200.00,200.00,200.00,'road','cn_warehouse','2026-02-22 22:33:16',NULL,'2026-02-22 21:22:53','2026-02-22 21:39:40',NULL,'',1,'2026-02-22 19:52:21','2026-02-22 22:33:16'),(127,'PKG20260222103','','','',200.00,1333.33,1333.33,200.00,200.00,200.00,'road','cn_warehouse','2026-02-22 22:33:16',NULL,'2026-02-22 21:22:53','2026-02-22 21:39:40',NULL,'',1,'2026-02-22 19:52:21','2026-02-22 22:33:16'),(128,'PKG20260222104','','','',200.00,1333.33,1333.33,200.00,200.00,200.00,'road','cn_warehouse','2026-02-22 22:33:16',NULL,'2026-02-22 21:22:53','2026-02-22 21:39:40',NULL,'',1,'2026-02-22 19:52:21','2026-02-22 22:33:16'),(129,'PKG20260222105','','','',200.00,1333.33,1333.33,200.00,200.00,200.00,'road','cn_warehouse','2026-02-22 22:33:16',NULL,'2026-02-22 21:22:53','2026-02-22 21:39:40',NULL,'',1,'2026-02-22 19:52:21','2026-02-22 22:33:16'),(130,'PKG20260222106','','','',200.00,1333.33,1333.33,200.00,200.00,200.00,'road','cn_warehouse','2026-02-22 22:33:16',NULL,'2026-02-22 21:22:53','2026-02-22 21:39:40',NULL,'',1,'2026-02-22 19:52:21','2026-02-22 22:33:16'),(131,'PKG20260222107','','','',200.00,1333.33,1333.33,200.00,200.00,200.00,'road','cn_warehouse','2026-02-22 22:33:16',NULL,'2026-02-22 21:22:53','2026-02-22 21:39:40',NULL,'',1,'2026-02-22 19:52:21','2026-02-22 22:33:16'),(132,'PKG20260222108','','','',200.00,1333.33,1333.33,200.00,200.00,200.00,'road','cn_warehouse','2026-02-22 22:33:16',NULL,'2026-02-22 21:22:53','2026-02-22 21:39:40',NULL,'',1,'2026-02-22 19:52:21','2026-02-22 22:33:16'),(133,'PKG20260222109','','','',200.00,1333.33,1333.33,200.00,200.00,200.00,'road','cn_warehouse','2026-02-22 22:33:16',NULL,'2026-02-22 21:22:53','2026-02-22 21:39:40',NULL,'',1,'2026-02-22 19:52:21','2026-02-22 22:33:16'),(134,'PKG20260222110','','','',200.00,1333.33,1333.33,200.00,200.00,200.00,'road','cn_warehouse','2026-02-22 22:33:16',NULL,'2026-02-22 21:22:53','2026-02-22 21:39:40',NULL,'',1,'2026-02-22 19:52:21','2026-02-22 22:33:16'),(135,'PKG20260222111','','','',200.00,1333.33,1333.33,200.00,200.00,200.00,'road','cn_warehouse','2026-02-22 22:33:16',NULL,'2026-02-22 21:22:53','2026-02-22 21:39:40',NULL,'',1,'2026-02-22 19:52:21','2026-02-22 22:33:16'),(136,'PKG20260222112','','','',200.00,1333.33,1333.33,200.00,200.00,200.00,'road','cn_warehouse','2026-02-22 22:33:16',NULL,'2026-02-22 21:22:53','2026-02-22 21:39:40',NULL,'',1,'2026-02-22 19:52:21','2026-02-22 22:33:16'),(137,'PKG20260222113','','','',200.00,1333.33,1333.33,200.00,200.00,200.00,'road','cn_warehouse','2026-02-22 22:33:16',NULL,'2026-02-22 21:22:53','2026-02-22 21:39:40',NULL,'',1,'2026-02-22 19:52:21','2026-02-22 22:33:16'),(138,'PKG20260222114','','','',200.00,1333.33,1333.33,200.00,200.00,200.00,'road','cn_warehouse','2026-02-22 22:33:16',NULL,'2026-02-22 21:22:53','2026-02-22 21:39:40',NULL,'',1,'2026-02-22 19:52:21','2026-02-22 22:33:16'),(139,'PKG20260222115','','','',200.00,1333.33,1333.33,200.00,200.00,200.00,'road','cn_warehouse','2026-02-22 22:33:16',NULL,'2026-02-22 21:22:53','2026-02-22 21:39:40',NULL,'',1,'2026-02-22 19:52:21','2026-02-22 22:33:16'),(140,'PKG20260222116','','','',200.00,1333.33,1333.33,200.00,200.00,200.00,'road','cn_warehouse','2026-02-22 22:33:16',NULL,'2026-02-22 21:22:53','2026-02-22 21:39:40',NULL,'',1,'2026-02-22 19:52:21','2026-02-22 22:33:16'),(141,'PKG20260222117','','','',200.00,1333.33,1333.33,200.00,200.00,200.00,'road','cn_warehouse','2026-02-22 22:33:16',NULL,'2026-02-22 21:22:53','2026-02-22 21:39:40',NULL,'',1,'2026-02-22 19:52:21','2026-02-22 22:33:16'),(142,'PKG20260222118','','','',200.00,1333.33,1333.33,200.00,200.00,200.00,'road','cn_warehouse','2026-02-22 22:33:16',NULL,'2026-02-22 21:22:53','2026-02-22 21:39:40',NULL,'',1,'2026-02-22 19:52:21','2026-02-22 22:33:16'),(143,'PKG20260222119','','','',200.00,1333.33,1333.33,200.00,200.00,200.00,'road','cn_warehouse','2026-02-22 22:33:16',NULL,'2026-02-22 21:22:53','2026-02-22 21:39:40',NULL,'',1,'2026-02-22 19:52:21','2026-02-22 22:33:16'),(144,'PKG20260222120','','','',200.00,1333.33,1333.33,200.00,200.00,200.00,'road','cn_warehouse','2026-02-22 22:33:16',NULL,'2026-02-22 21:22:53','2026-02-22 21:39:40',NULL,'',1,'2026-02-22 19:52:21','2026-02-22 22:33:16'),(145,'PKG20260222121','','','',200.00,1333.33,1333.33,200.00,200.00,200.00,'road','cn_warehouse','2026-02-22 22:33:16',NULL,'2026-02-22 21:22:53','2026-02-22 21:39:40',NULL,'',1,'2026-02-22 19:52:21','2026-02-22 22:33:16'),(146,'PKG20260222122','','','',200.00,1333.33,1333.33,200.00,200.00,200.00,'road','cn_warehouse','2026-02-22 22:33:16',NULL,'2026-02-22 21:22:53','2026-02-22 21:39:40',NULL,'',1,'2026-02-22 19:52:21','2026-02-22 22:33:16'),(147,'PKG20260222123','','','',200.00,1333.33,1333.33,200.00,200.00,200.00,'road','cn_warehouse','2026-02-22 22:33:16',NULL,'2026-02-22 21:22:53','2026-02-22 21:39:40',NULL,'',1,'2026-02-22 19:52:21','2026-02-22 22:33:16'),(148,'PKG20260222124','','','',200.00,1333.33,1333.33,200.00,200.00,200.00,'road','cn_warehouse','2026-02-22 22:33:16',NULL,'2026-02-22 21:22:53','2026-02-22 21:39:40',NULL,'',1,'2026-02-22 19:52:21','2026-02-22 22:33:16'),(149,'PKG20260222125','','','',200.00,1333.33,1333.33,200.00,200.00,200.00,'road','cn_warehouse','2026-02-22 22:33:16',NULL,'2026-02-22 21:22:53','2026-02-22 21:39:40',NULL,'',1,'2026-02-22 19:52:21','2026-02-22 22:33:16'),(150,'PKG20260222126','','','',200.00,1333.33,1333.33,200.00,200.00,200.00,'road','cn_warehouse','2026-02-22 22:33:16',NULL,'2026-02-22 21:22:53','2026-02-22 21:39:40',NULL,'',1,'2026-02-22 19:52:21','2026-02-22 22:33:16'),(151,'PKG20260222127','','','',200.00,1333.33,1333.33,200.00,200.00,200.00,'road','cn_warehouse','2026-02-22 22:33:16',NULL,'2026-02-22 21:22:53','2026-02-22 21:39:40',NULL,'',1,'2026-02-22 19:52:21','2026-02-22 22:33:16'),(152,'PKG20260222128','','','',200.00,1333.33,1333.33,200.00,200.00,200.00,'road','cn_warehouse','2026-02-22 22:33:16',NULL,'2026-02-22 21:22:53','2026-02-22 21:39:40',NULL,'',1,'2026-02-22 19:52:21','2026-02-22 22:33:16'),(153,'PKG20260222129','','','',200.00,1333.33,1333.33,200.00,200.00,200.00,'road','cn_warehouse','2026-02-22 22:33:16',NULL,'2026-02-22 21:22:53','2026-02-22 21:39:40',NULL,'',1,'2026-02-22 19:52:21','2026-02-22 22:33:16'),(154,'PKG20260222130','','','',200.00,1333.33,1333.33,200.00,200.00,200.00,'road','cn_warehouse','2026-02-22 22:33:16',NULL,'2026-02-22 21:22:53','2026-02-22 21:39:40',NULL,'',1,'2026-02-22 19:52:21','2026-02-22 22:33:16'),(155,'PKG20260222131','','','',200.00,1333.33,1333.33,200.00,200.00,200.00,'road','cn_warehouse','2026-02-22 22:33:16',NULL,'2026-02-22 21:22:53','2026-02-22 21:39:40',NULL,'',1,'2026-02-22 19:52:21','2026-02-22 22:33:16'),(156,'PKG20260222132','','','',200.00,1333.33,1333.33,200.00,200.00,200.00,'road','cn_warehouse','2026-02-22 22:33:16',NULL,'2026-02-22 21:22:53','2026-02-22 21:39:40',NULL,'',1,'2026-02-22 19:52:21','2026-02-22 22:33:16'),(157,'PKG20260222133','','','',200.00,1333.33,1333.33,200.00,200.00,200.00,'road','cn_warehouse','2026-02-22 22:33:16',NULL,'2026-02-22 21:22:53','2026-02-22 21:39:40',NULL,'',1,'2026-02-22 19:52:21','2026-02-22 22:33:16'),(158,'PKG20260222134','','','',200.00,1333.33,1333.33,200.00,200.00,200.00,'road','cn_warehouse','2026-02-22 22:33:16',NULL,'2026-02-22 21:22:53','2026-02-22 21:39:40',NULL,'',1,'2026-02-22 19:52:21','2026-02-22 22:33:16'),(159,'PKG20260222135','','','',200.00,1333.33,1333.33,200.00,200.00,200.00,'road','cn_warehouse','2026-02-22 22:33:16',NULL,'2026-02-22 21:22:53','2026-02-22 21:39:40',NULL,'',1,'2026-02-22 19:52:21','2026-02-22 22:33:16'),(160,'PKG20260222136','','','',200.00,1333.33,1333.33,200.00,200.00,200.00,'road','cn_warehouse','2026-02-22 22:33:16',NULL,'2026-02-22 21:22:53','2026-02-22 21:39:40',NULL,'',1,'2026-02-22 19:52:21','2026-02-22 22:33:16'),(161,'PKG20260222137','','','',200.00,1333.33,1333.33,200.00,200.00,200.00,'road','cn_warehouse','2026-02-22 22:33:16',NULL,'2026-02-22 21:22:53','2026-02-22 21:39:40',NULL,'',1,'2026-02-22 19:52:21','2026-02-22 22:33:16'),(162,'PKG20260222138','','','',200.00,1333.33,1333.33,200.00,200.00,200.00,'road','cn_warehouse','2026-02-22 22:33:16',NULL,'2026-02-22 21:22:53','2026-02-22 21:39:40',NULL,'',1,'2026-02-22 19:52:21','2026-02-22 22:33:16'),(163,'PKG20260222139','','','',200.00,1333.33,1333.33,200.00,200.00,200.00,'road','cn_warehouse','2026-02-22 22:33:16',NULL,'2026-02-22 21:22:53','2026-02-22 21:39:40',NULL,'',1,'2026-02-22 19:52:21','2026-02-22 22:33:16'),(164,'PKG20260222140','','','',200.00,1333.33,1333.33,200.00,200.00,200.00,'road','cn_warehouse','2026-02-22 22:33:16',NULL,'2026-02-22 21:22:53','2026-02-22 21:39:40',NULL,'',1,'2026-02-22 19:52:21','2026-02-22 22:33:16'),(165,'PKG20260222141','','','',200.00,1333.33,1333.33,200.00,200.00,200.00,'road','cn_warehouse','2026-02-22 22:33:16',NULL,'2026-02-22 21:22:53','2026-02-22 21:39:40',NULL,'',1,'2026-02-22 19:52:21','2026-02-22 22:33:16'),(166,'PKG20260222142','','','',200.00,1333.33,1333.33,200.00,200.00,200.00,'road','cn_warehouse','2026-02-22 22:33:16',NULL,'2026-02-22 21:22:53','2026-02-22 21:39:40',NULL,'',1,'2026-02-22 19:52:21','2026-02-22 22:33:16'),(167,'PKG20260222143','','','',200.00,1333.33,1333.33,200.00,200.00,200.00,'road','cn_warehouse','2026-02-22 22:33:16',NULL,'2026-02-22 21:22:53','2026-02-22 21:39:40',NULL,'',1,'2026-02-22 19:52:21','2026-02-22 22:33:16'),(168,'PKG20260222144','','','',200.00,1333.33,1333.33,200.00,200.00,200.00,'road','cn_warehouse','2026-02-22 22:33:16',NULL,'2026-02-22 21:22:53','2026-02-22 21:39:40',NULL,'',1,'2026-02-22 19:52:21','2026-02-22 22:33:16'),(169,'PKG20260222145','','','',200.00,1333.33,1333.33,200.00,200.00,200.00,'road','cn_warehouse','2026-02-22 22:33:16',NULL,'2026-02-22 21:22:53','2026-02-22 21:39:40',NULL,'',1,'2026-02-22 19:52:21','2026-02-22 22:33:16'),(170,'PKG20260222146','','','',200.00,1333.33,1333.33,200.00,200.00,200.00,'road','cn_warehouse','2026-02-22 22:33:16',NULL,'2026-02-22 21:22:53','2026-02-22 21:39:40',NULL,'',1,'2026-02-22 19:52:21','2026-02-22 22:33:16'),(171,'PKG20260222147','','','',200.00,1333.33,1333.33,200.00,200.00,200.00,'road','cn_warehouse','2026-02-22 22:33:16',NULL,'2026-02-22 21:22:53','2026-02-22 21:39:40',NULL,'',1,'2026-02-22 19:52:21','2026-02-22 22:33:16'),(172,'PKG20260222148','','','',200.00,1333.33,1333.33,200.00,200.00,200.00,'road','cn_warehouse','2026-02-22 22:33:16',NULL,'2026-02-22 21:22:53','2026-02-22 21:39:40',NULL,'',1,'2026-02-22 19:52:21','2026-02-22 22:33:16'),(173,'PKG20260222149','','','',200.00,1333.33,1333.33,200.00,200.00,200.00,'road','cn_warehouse','2026-02-22 22:33:16',NULL,'2026-02-22 21:22:53','2026-02-22 21:39:40',NULL,'',1,'2026-02-22 19:52:21','2026-02-22 22:33:16'),(174,'PKG20260222150','','','',300.00,4500.00,4500.00,300.00,300.00,300.00,'road','cn_warehouse','2026-02-22 20:09:24',NULL,'2026-02-22 21:22:53','2026-02-22 21:39:40',NULL,'',1,'2026-02-22 19:52:21','2026-02-22 22:33:16'),(175,'PKG20260222151','','','',300.00,4500.00,4500.00,300.00,300.00,300.00,'road','cn_warehouse','2026-02-22 22:33:16',NULL,'2026-02-22 21:22:53','2026-02-22 21:39:40',NULL,'',1,'2026-02-22 19:52:21','2026-02-22 22:33:16'),(176,'PKG20260222152','','','',300.00,4500.00,4500.00,300.00,300.00,300.00,'road','cn_warehouse','2026-02-22 22:33:16',NULL,'2026-02-22 21:22:53','2026-02-22 21:39:40',NULL,'',1,'2026-02-22 19:52:21','2026-02-22 22:33:16'),(177,'PKG20260222153','','','',300.00,4500.00,4500.00,300.00,300.00,300.00,'road','cn_warehouse','2026-02-22 22:33:16',NULL,'2026-02-22 21:22:53','2026-02-22 21:39:40',NULL,'',1,'2026-02-22 19:52:21','2026-02-22 22:33:16'),(178,'PKG20260222154','','','',300.00,4500.00,4500.00,300.00,300.00,300.00,'road','cn_warehouse','2026-02-22 22:33:16',NULL,'2026-02-22 21:22:53','2026-02-22 21:39:40',NULL,'',1,'2026-02-22 19:52:21','2026-02-22 22:33:16'),(179,'PKG20260222155','','','',300.00,4500.00,4500.00,300.00,300.00,300.00,'road','cn_warehouse','2026-02-22 22:33:16',NULL,'2026-02-22 21:22:53','2026-02-22 21:39:40',NULL,'',1,'2026-02-22 19:52:21','2026-02-22 22:33:16'),(180,'PKG20260222156','','','',300.00,4500.00,4500.00,300.00,300.00,300.00,'road','cn_warehouse','2026-02-22 22:33:16',NULL,'2026-02-22 21:22:54','2026-02-22 21:39:40',NULL,'',1,'2026-02-22 19:52:21','2026-02-22 22:33:16'),(181,'PKG20260222157','','','',300.00,4500.00,4500.00,300.00,300.00,300.00,'road','cn_warehouse','2026-02-22 22:33:17',NULL,'2026-02-22 21:22:54','2026-02-22 21:39:40',NULL,'',1,'2026-02-22 19:52:21','2026-02-22 22:33:17'),(182,'PKG20260222158','','','',300.00,4500.00,4500.00,300.00,300.00,300.00,'road','cn_warehouse','2026-02-22 22:33:17',NULL,'2026-02-22 21:22:54','2026-02-22 21:39:40',NULL,'',1,'2026-02-22 19:52:21','2026-02-22 22:33:17'),(183,'PKG20260222159','','','',300.00,4500.00,4500.00,300.00,300.00,300.00,'road','cn_warehouse','2026-02-22 22:33:17',NULL,'2026-02-22 21:22:54','2026-02-22 21:39:40',NULL,'',1,'2026-02-22 19:52:21','2026-02-22 22:33:17'),(184,'PKG20260222160','','','',300.00,4500.00,4500.00,300.00,300.00,300.00,'road','cn_warehouse','2026-02-22 22:33:17',NULL,'2026-02-22 21:22:54','2026-02-22 21:39:40',NULL,'',1,'2026-02-22 19:52:21','2026-02-22 22:33:17'),(185,'PKG20260222161','','','',300.00,4500.00,4500.00,300.00,300.00,300.00,'road','cn_warehouse','2026-02-22 22:33:17',NULL,'2026-02-22 21:22:54','2026-02-22 21:39:40',NULL,'',1,'2026-02-22 19:52:21','2026-02-22 22:33:17'),(186,'PKG20260222162','','','',300.00,4500.00,4500.00,300.00,300.00,300.00,'road','cn_warehouse','2026-02-22 22:33:17',NULL,'2026-02-22 21:22:54','2026-02-22 21:39:40',NULL,'',1,'2026-02-22 19:52:21','2026-02-22 22:33:17'),(187,'PKG20260222163','','','',300.00,4500.00,4500.00,300.00,300.00,300.00,'road','cn_warehouse','2026-02-22 22:33:17',NULL,'2026-02-22 21:22:54','2026-02-22 21:39:40',NULL,'',1,'2026-02-22 19:52:21','2026-02-22 22:33:17'),(188,'PKG20260222164','','','',300.00,4500.00,4500.00,300.00,300.00,300.00,'road','cn_warehouse','2026-02-22 22:33:17',NULL,'2026-02-22 21:22:54','2026-02-22 21:39:40',NULL,'',1,'2026-02-22 19:52:21','2026-02-22 22:33:17'),(189,'PKG20260222165','','','',300.00,4500.00,4500.00,300.00,300.00,300.00,'road','cn_warehouse','2026-02-22 22:33:17',NULL,'2026-02-22 21:22:54','2026-02-22 21:39:40',NULL,'',1,'2026-02-22 19:52:21','2026-02-22 22:33:17'),(190,'PKG20260222166','','','',300.00,4500.00,4500.00,300.00,300.00,300.00,'road','cn_warehouse','2026-02-22 22:33:17',NULL,'2026-02-22 21:22:54','2026-02-22 21:39:40',NULL,'',1,'2026-02-22 19:52:21','2026-02-22 22:33:17'),(191,'PKG20260222167','','','',300.00,4500.00,4500.00,300.00,300.00,300.00,'road','cn_warehouse','2026-02-22 22:33:17',NULL,'2026-02-22 21:22:54','2026-02-22 21:39:40',NULL,'',1,'2026-02-22 19:52:21','2026-02-22 22:33:17'),(192,'PKG20260222168','','','',300.00,4500.00,4500.00,300.00,300.00,300.00,'road','cn_warehouse','2026-02-22 22:33:17',NULL,'2026-02-22 21:22:54','2026-02-22 21:39:40',NULL,'',1,'2026-02-22 19:52:21','2026-02-22 22:33:17'),(193,'PKG20260222169','','','',300.00,4500.00,4500.00,300.00,300.00,300.00,'road','cn_warehouse','2026-02-22 22:33:17',NULL,'2026-02-22 21:22:54','2026-02-22 21:39:40',NULL,'',1,'2026-02-22 19:52:21','2026-02-22 22:33:17'),(194,'PKG20260222170','SADSA21D96S1D9','','',0.00,0.00,0.00,0.00,0.00,0.00,'road','packed',NULL,'2026-02-22 22:13:52',NULL,NULL,NULL,'',1,'2026-02-22 22:12:34','2026-02-22 22:13:52'),(195,'PKG20260222171','SADAS98D4AS9D','','',0.00,0.00,0.00,0.00,0.00,0.00,'road','packed',NULL,'2026-02-22 22:13:46',NULL,NULL,NULL,'',1,'2026-02-22 22:12:36','2026-02-22 22:13:46'),(196,'PKG20260222172','65AS4D65SA4D','','',0.00,0.00,0.00,0.00,0.00,0.00,'road','packed',NULL,'2026-02-22 22:13:43',NULL,NULL,NULL,'',1,'2026-02-22 22:12:37','2026-02-22 22:13:43'),(197,'PKG20260222173','69SA4D98SA2','','',0.00,0.00,0.00,0.00,0.00,0.00,'road','packed',NULL,'2026-02-22 22:13:39',NULL,NULL,NULL,'',1,'2026-02-22 22:12:38','2026-02-22 22:13:39'),(198,'PKG20260222174','21EWDASD61','','',0.00,0.00,0.00,0.00,0.00,0.00,'road','packed',NULL,'2026-02-22 22:13:36',NULL,NULL,NULL,'',1,'2026-02-22 22:12:40','2026-02-22 22:13:36'),(199,'PKG20260222175','6AS4D9AS5D4A','','',0.00,0.00,0.00,0.00,0.00,0.00,'road','packed',NULL,'2026-02-22 22:13:32',NULL,NULL,NULL,'',1,'2026-02-22 22:12:42','2026-02-22 22:13:32');
/*!40000 ALTER TABLE `packages` ENABLE KEYS */;
UNLOCK TABLES;

--
-- Table structure for table `salaries`
--

DROP TABLE IF EXISTS `salaries`;
/*!40101 SET @saved_cs_client     = @@character_set_client */;
/*!40101 SET character_set_client = utf8 */;
CREATE TABLE `salaries` (
  `id` int(11) NOT NULL AUTO_INCREMENT,
  `user_id` int(11) NOT NULL,
  `month` tinyint(4) NOT NULL,
  `year` smallint(6) NOT NULL,
  `currency` enum('VND','CNY') NOT NULL DEFAULT 'VND',
  `base_salary` decimal(15,2) NOT NULL DEFAULT 0.00,
  `allowance` decimal(15,2) NOT NULL DEFAULT 0.00,
  `bonus` decimal(15,2) NOT NULL DEFAULT 0.00,
  `deduction` decimal(15,2) NOT NULL DEFAULT 0.00,
  `net_salary` decimal(15,2) NOT NULL DEFAULT 0.00,
  `work_days` tinyint(4) DEFAULT NULL,
  `note` text DEFAULT NULL,
  `status` enum('draft','confirmed','paid') NOT NULL DEFAULT 'draft',
  `paid_date` datetime DEFAULT NULL,
  `created_by` int(11) DEFAULT NULL,
  `create_date` datetime DEFAULT current_timestamp(),
  `update_date` datetime DEFAULT current_timestamp() ON UPDATE current_timestamp(),
  PRIMARY KEY (`id`),
  UNIQUE KEY `unique_user_month` (`user_id`,`month`,`year`),
  KEY `idx_month_year` (`month`,`year`),
  KEY `idx_status` (`status`),
  CONSTRAINT `fk_salaries_user` FOREIGN KEY (`user_id`) REFERENCES `users` (`id`) ON DELETE CASCADE
) ENGINE=InnoDB AUTO_INCREMENT=11 DEFAULT CHARSET=utf8mb4 COLLATE=utf8mb4_unicode_ci;
/*!40101 SET character_set_client = @saved_cs_client */;

--
-- Dumping data for table `salaries`
--

LOCK TABLES `salaries` WRITE;
/*!40000 ALTER TABLE `salaries` DISABLE KEYS */;
INSERT INTO `salaries` VALUES (1,14,2,2026,'CNY',0.00,0.00,0.00,0.00,0.00,NULL,NULL,'draft',NULL,0,'2026-02-22 23:35:14','2026-02-22 23:35:14'),(2,15,2,2026,'CNY',0.00,0.00,0.00,0.00,0.00,NULL,NULL,'draft',NULL,0,'2026-02-22 23:35:14','2026-02-22 23:35:14'),(3,16,2,2026,'CNY',0.00,0.00,0.00,0.00,0.00,NULL,NULL,'draft',NULL,0,'2026-02-22 23:35:14','2026-02-22 23:35:14'),(4,17,2,2026,'CNY',0.00,0.00,0.00,0.00,0.00,NULL,NULL,'draft',NULL,0,'2026-02-22 23:35:14','2026-02-22 23:35:14'),(5,18,2,2026,'CNY',0.00,0.00,0.00,0.00,0.00,NULL,NULL,'draft',NULL,0,'2026-02-22 23:35:14','2026-02-22 23:35:14'),(6,19,2,2026,'CNY',0.00,0.00,0.00,0.00,0.00,NULL,NULL,'draft',NULL,0,'2026-02-22 23:35:14','2026-02-22 23:35:14'),(7,20,2,2026,'CNY',0.00,0.00,0.00,0.00,0.00,NULL,NULL,'draft',NULL,0,'2026-02-22 23:35:14','2026-02-22 23:35:14'),(8,21,2,2026,'CNY',500.00,0.00,0.00,0.00,500.00,NULL,'','draft',NULL,0,'2026-02-22 23:35:14','2026-02-22 23:37:11'),(9,22,2,2026,'CNY',0.00,0.00,0.00,0.00,0.00,NULL,NULL,'draft',NULL,0,'2026-02-22 23:35:14','2026-02-22 23:35:14'),(10,23,2,2026,'CNY',0.00,0.00,0.00,0.00,0.00,NULL,NULL,'draft',NULL,0,'2026-02-22 23:35:14','2026-02-22 23:35:14');
/*!40000 ALTER TABLE `salaries` ENABLE KEYS */;
UNLOCK TABLES;

--
-- Table structure for table `settings`
--

DROP TABLE IF EXISTS `settings`;
/*!40101 SET @saved_cs_client     = @@character_set_client */;
/*!40101 SET character_set_client = utf8 */;
CREATE TABLE `settings` (
  `id` int(11) NOT NULL AUTO_INCREMENT,
  `name` varchar(255) NOT NULL,
  `value` text DEFAULT NULL,
  PRIMARY KEY (`id`),
  UNIQUE KEY `name` (`name`)
) ENGINE=InnoDB AUTO_INCREMENT=21 DEFAULT CHARSET=utf8mb4 COLLATE=utf8mb4_unicode_ci;
/*!40101 SET character_set_client = @saved_cs_client */;

--
-- Dumping data for table `settings`
--

LOCK TABLES `settings` WRITE;
/*!40000 ALTER TABLE `settings` DISABLE KEYS */;
INSERT INTO `settings` VALUES (1,'title','CMS01 - Quản lý Kho & Vận chuyển'),(2,'timezone','Asia/Ho_Chi_Minh'),(3,'session_login','86400'),(4,'type_password','bcrypt'),(5,'status','1'),(6,'home_page','home'),(7,'domains','localhost'),(8,'exchange_rate_cny_vnd','3763'),(9,'shipping_rate_road','25000'),(10,'shipping_rate_sea','15000'),(11,'shipping_rate_air','120000'),(12,'service_fee_percent','3'),(13,'volume_divisor','6000'),(14,'currency','VND'),(15,'site_name','CMSLC'),(16,'site_status','1'),(17,'shipping_road_easy_per_kg','5000'),(18,'shipping_road_easy_per_cbm','1500000'),(19,'shipping_road_difficult_per_kg','8000'),(20,'shipping_road_difficult_per_cbm','3000000');
/*!40000 ALTER TABLE `settings` ENABLE KEYS */;
UNLOCK TABLES;

--
-- Table structure for table `shipment_packages`
--

DROP TABLE IF EXISTS `shipment_packages`;
/*!40101 SET @saved_cs_client     = @@character_set_client */;
/*!40101 SET character_set_client = utf8 */;
CREATE TABLE `shipment_packages` (
  `id` int(11) NOT NULL AUTO_INCREMENT,
  `shipment_id` int(11) NOT NULL,
  `package_id` int(11) NOT NULL,
  `added_by` int(11) DEFAULT NULL,
  `added_at` datetime DEFAULT current_timestamp(),
  PRIMARY KEY (`id`),
  UNIQUE KEY `uk_shipment_pkg` (`shipment_id`,`package_id`),
  KEY `package_id` (`package_id`),
  CONSTRAINT `shipment_packages_ibfk_1` FOREIGN KEY (`shipment_id`) REFERENCES `shipments` (`id`) ON DELETE CASCADE,
  CONSTRAINT `shipment_packages_ibfk_2` FOREIGN KEY (`package_id`) REFERENCES `packages` (`id`) ON DELETE CASCADE
) ENGINE=InnoDB AUTO_INCREMENT=101 DEFAULT CHARSET=utf8mb4 COLLATE=utf8mb4_general_ci;
/*!40101 SET character_set_client = @saved_cs_client */;

--
-- Dumping data for table `shipment_packages`
--

LOCK TABLES `shipment_packages` WRITE;
/*!40000 ALTER TABLE `shipment_packages` DISABLE KEYS */;
INSERT INTO `shipment_packages` VALUES (2,1,95,1,'2026-02-22 21:22:53'),(3,1,96,1,'2026-02-22 21:22:53'),(4,1,97,1,'2026-02-22 21:22:53'),(5,1,98,1,'2026-02-22 21:22:53'),(6,1,99,1,'2026-02-22 21:22:53'),(7,1,100,1,'2026-02-22 21:22:53'),(8,1,101,1,'2026-02-22 21:22:53'),(9,1,102,1,'2026-02-22 21:22:53'),(10,1,103,1,'2026-02-22 21:22:53'),(11,1,104,1,'2026-02-22 21:22:53'),(12,1,105,1,'2026-02-22 21:22:53'),(13,1,106,1,'2026-02-22 21:22:53'),(14,1,107,1,'2026-02-22 21:22:53'),(15,1,108,1,'2026-02-22 21:22:53'),(16,1,109,1,'2026-02-22 21:22:53'),(17,1,110,1,'2026-02-22 21:22:53'),(18,1,111,1,'2026-02-22 21:22:53'),(19,1,112,1,'2026-02-22 21:22:53'),(20,1,113,1,'2026-02-22 21:22:53'),(21,1,114,1,'2026-02-22 21:22:53'),(22,1,115,1,'2026-02-22 21:22:53'),(23,1,116,1,'2026-02-22 21:22:53'),(24,1,117,1,'2026-02-22 21:22:53'),(25,1,118,1,'2026-02-22 21:22:53'),(26,1,119,1,'2026-02-22 21:22:53'),(27,1,120,1,'2026-02-22 21:22:53'),(28,1,121,1,'2026-02-22 21:22:53'),(29,1,122,1,'2026-02-22 21:22:53'),(30,1,123,1,'2026-02-22 21:22:53'),(31,1,124,1,'2026-02-22 21:22:53'),(32,1,125,1,'2026-02-22 21:22:53'),(33,1,126,1,'2026-02-22 21:22:53'),(34,1,127,1,'2026-02-22 21:22:53'),(35,1,128,1,'2026-02-22 21:22:53'),(36,1,129,1,'2026-02-22 21:22:53'),(37,1,130,1,'2026-02-22 21:22:53'),(38,1,131,1,'2026-02-22 21:22:53'),(39,1,132,1,'2026-02-22 21:22:53'),(40,1,133,1,'2026-02-22 21:22:53'),(41,1,134,1,'2026-02-22 21:22:53'),(42,1,135,1,'2026-02-22 21:22:53'),(43,1,136,1,'2026-02-22 21:22:53'),(44,1,137,1,'2026-02-22 21:22:53'),(45,1,138,1,'2026-02-22 21:22:53'),(46,1,139,1,'2026-02-22 21:22:53'),(47,1,140,1,'2026-02-22 21:22:53'),(48,1,141,1,'2026-02-22 21:22:53'),(49,1,142,1,'2026-02-22 21:22:53'),(50,1,143,1,'2026-02-22 21:22:53'),(51,1,144,1,'2026-02-22 21:22:53'),(52,1,145,1,'2026-02-22 21:22:53'),(53,1,146,1,'2026-02-22 21:22:53'),(54,1,147,1,'2026-02-22 21:22:53'),(55,1,148,1,'2026-02-22 21:22:53'),(56,1,149,1,'2026-02-22 21:22:53'),(57,1,150,1,'2026-02-22 21:22:53'),(58,1,151,1,'2026-02-22 21:22:53'),(59,1,152,1,'2026-02-22 21:22:53'),(60,1,153,1,'2026-02-22 21:22:53'),(61,1,154,1,'2026-02-22 21:22:53'),(62,1,155,1,'2026-02-22 21:22:53'),(63,1,156,1,'2026-02-22 21:22:53'),(64,1,157,1,'2026-02-22 21:22:53'),(65,1,158,1,'2026-02-22 21:22:53'),(66,1,159,1,'2026-02-22 21:22:53'),(67,1,160,1,'2026-02-22 21:22:53'),(68,1,161,1,'2026-02-22 21:22:53'),(69,1,162,1,'2026-02-22 21:22:53'),(70,1,163,1,'2026-02-22 21:22:53'),(71,1,164,1,'2026-02-22 21:22:53'),(72,1,165,1,'2026-02-22 21:22:53'),(73,1,166,1,'2026-02-22 21:22:53'),(74,1,167,1,'2026-02-22 21:22:53'),(75,1,168,1,'2026-02-22 21:22:53'),(76,1,169,1,'2026-02-22 21:22:53'),(77,1,170,1,'2026-02-22 21:22:53'),(78,1,171,1,'2026-02-22 21:22:53'),(79,1,172,1,'2026-02-22 21:22:53'),(80,1,173,1,'2026-02-22 21:22:53'),(81,1,174,1,'2026-02-22 21:22:53'),(82,1,175,1,'2026-02-22 21:22:53'),(83,1,176,1,'2026-02-22 21:22:53'),(84,1,177,1,'2026-02-22 21:22:53'),(85,1,178,1,'2026-02-22 21:22:53'),(86,1,179,1,'2026-02-22 21:22:53'),(87,1,180,1,'2026-02-22 21:22:54'),(88,1,181,1,'2026-02-22 21:22:54'),(89,1,182,1,'2026-02-22 21:22:54'),(90,1,183,1,'2026-02-22 21:22:54'),(91,1,184,1,'2026-02-22 21:22:54'),(92,1,185,1,'2026-02-22 21:22:54'),(93,1,186,1,'2026-02-22 21:22:54'),(94,1,187,1,'2026-02-22 21:22:54'),(95,1,188,1,'2026-02-22 21:22:54'),(96,1,189,1,'2026-02-22 21:22:54'),(97,1,190,1,'2026-02-22 21:22:54'),(98,1,191,1,'2026-02-22 21:22:54'),(99,1,192,1,'2026-02-22 21:22:54'),(100,1,193,1,'2026-02-22 21:22:54');
/*!40000 ALTER TABLE `shipment_packages` ENABLE KEYS */;
UNLOCK TABLES;

--
-- Table structure for table `shipments`
--

DROP TABLE IF EXISTS `shipments`;
/*!40101 SET @saved_cs_client     = @@character_set_client */;
/*!40101 SET character_set_client = utf8 */;
CREATE TABLE `shipments` (
  `id` int(11) NOT NULL AUTO_INCREMENT,
  `shipment_code` varchar(50) NOT NULL,
  `truck_plate` varchar(20) DEFAULT NULL,
  `driver_name` varchar(100) DEFAULT NULL,
  `driver_phone` varchar(20) DEFAULT NULL,
  `route` varchar(255) DEFAULT NULL,
  `max_weight` decimal(10,2) DEFAULT NULL,
  `shipping_method` varchar(20) DEFAULT 'road',
  `status` enum('preparing','in_transit','arrived','completed') DEFAULT 'preparing',
  `total_packages` int(11) DEFAULT 0,
  `total_weight` decimal(10,2) DEFAULT 0.00,
  `total_cbm` decimal(10,6) DEFAULT 0.000000,
  `shipping_cost` decimal(15,2) DEFAULT NULL,
  `note` text DEFAULT NULL,
  `departed_date` datetime DEFAULT NULL,
  `arrived_date` datetime DEFAULT NULL,
  `created_by` int(11) DEFAULT NULL,
  `create_date` datetime DEFAULT current_timestamp(),
  `update_date` datetime DEFAULT current_timestamp(),
  PRIMARY KEY (`id`),
  UNIQUE KEY `shipment_code` (`shipment_code`)
) ENGINE=InnoDB AUTO_INCREMENT=2 DEFAULT CHARSET=utf8mb4 COLLATE=utf8mb4_general_ci;
/*!40101 SET character_set_client = @saved_cs_client */;

--
-- Dumping data for table `shipments`
--

LOCK TABLES `shipments` WRITE;
/*!40000 ALTER TABLE `shipments` DISABLE KEYS */;
INSERT INTO `shipments` VALUES (1,'XE-20260222-001','25CN-125366','','','',NULL,'road','completed',99,161499.93,969.000000,NULL,'','2026-02-22 21:39:22','2026-02-22 21:39:40',1,'2026-02-22 21:22:53','2026-02-22 21:41:48');
/*!40000 ALTER TABLE `shipments` ENABLE KEYS */;
UNLOCK TABLES;

--
-- Table structure for table `transactions`
--

DROP TABLE IF EXISTS `transactions`;
/*!40101 SET @saved_cs_client     = @@character_set_client */;
/*!40101 SET character_set_client = utf8 */;
CREATE TABLE `transactions` (
  `id` int(11) NOT NULL AUTO_INCREMENT,
  `customer_id` int(11) NOT NULL,
  `order_id` int(11) DEFAULT NULL,
  `type` enum('deposit','payment','refund','adjustment') NOT NULL,
  `amount` decimal(15,2) NOT NULL,
  `balance_before` decimal(15,2) NOT NULL DEFAULT 0.00,
  `balance_after` decimal(15,2) NOT NULL DEFAULT 0.00,
  `description` text DEFAULT NULL,
  `created_by` int(11) DEFAULT NULL,
  `create_date` datetime DEFAULT current_timestamp(),
  PRIMARY KEY (`id`),
  KEY `idx_customer_id` (`customer_id`),
  KEY `idx_order_id` (`order_id`),
  KEY `idx_type` (`type`),
  CONSTRAINT `transactions_ibfk_1` FOREIGN KEY (`customer_id`) REFERENCES `customers` (`id`)
) ENGINE=InnoDB DEFAULT CHARSET=utf8mb4 COLLATE=utf8mb4_unicode_ci;
/*!40101 SET character_set_client = @saved_cs_client */;

--
-- Dumping data for table `transactions`
--

LOCK TABLES `transactions` WRITE;
/*!40000 ALTER TABLE `transactions` DISABLE KEYS */;
/*!40000 ALTER TABLE `transactions` ENABLE KEYS */;
UNLOCK TABLES;

--
-- Table structure for table `translate`
--

DROP TABLE IF EXISTS `translate`;
/*!40101 SET @saved_cs_client     = @@character_set_client */;
/*!40101 SET character_set_client = utf8 */;
CREATE TABLE `translate` (
  `id` int(11) NOT NULL AUTO_INCREMENT,
  `lang_id` int(11) NOT NULL,
  `name` varchar(255) NOT NULL,
  `value` text NOT NULL,
  PRIMARY KEY (`id`),
  KEY `idx_lang_name` (`lang_id`,`name`),
  CONSTRAINT `translate_ibfk_1` FOREIGN KEY (`lang_id`) REFERENCES `languages` (`id`) ON DELETE CASCADE
) ENGINE=InnoDB AUTO_INCREMENT=1337 DEFAULT CHARSET=utf8mb4 COLLATE=utf8mb4_unicode_ci;
/*!40101 SET character_set_client = @saved_cs_client */;

--
-- Dumping data for table `translate`
--

LOCK TABLES `translate` WRITE;
/*!40000 ALTER TABLE `translate` DISABLE KEYS */;
INSERT INTO `translate` VALUES (1,2,'-- Chọn khách hàng --','-- 选择客户 --'),(2,3,'-- Chọn khách hàng --','-- Select Customer --'),(3,2,'-- Chọn trạng thái --','-- 选择状态 --'),(4,3,'-- Chọn trạng thái --','-- Select Status --'),(5,2,'3-50 ký tự, chỉ gồm chữ cái, số và dấu gạch dưới','3-50个字符，仅包含字母、数字和下划线'),(6,3,'3-50 ký tự, chỉ gồm chữ cái, số và dấu gạch dưới','3-50 characters, letters, numbers and underscores only'),(7,2,'Âm thanh','声音'),(8,3,'Âm thanh','Sound'),(9,2,'Ẩn','隐藏'),(10,3,'Ẩn','Hidden'),(11,2,'Ảnh','图片'),(12,3,'Ảnh','Image'),(13,2,'Ảnh bao hàng','包裹图片'),(14,3,'Ảnh bao hàng','Bag Photos'),(15,2,'Ảnh sản phẩm','产品图片'),(16,3,'Ảnh sản phẩm','Product Image'),(17,2,'Áp dụng','应用'),(18,3,'Áp dụng','Apply'),(19,2,'Bạn chưa quét đơn nào trong phiên này.','本次扫描暂无记录。'),(20,3,'Bạn chưa quét đơn nào trong phiên này.','No items scanned in this session.'),(21,2,'Bạn có chắc chắn?','您确定吗？'),(22,3,'Bạn có chắc chắn?','Are you sure?'),(23,2,'Bạn có chắc muốn xóa chuyến xe','确定要删除车次'),(24,3,'Bạn có chắc muốn xóa chuyến xe','Are you sure you want to delete this shipment'),(25,2,'Bạn có chắc muốn xóa đơn hàng','确定要删除订单'),(26,3,'Bạn có chắc muốn xóa đơn hàng','Are you sure you want to delete this order'),(27,2,'Bạn có chắc muốn xóa?','确定要删除吗？'),(28,3,'Bạn có chắc muốn xóa?','Are you sure you want to delete?'),(29,2,'Bản dịch','翻译'),(30,3,'Bản dịch','Translations'),(31,2,'Bạn xác nhận đã giao đơn hàng','确认已交付订单'),(32,3,'Bạn xác nhận đã giao đơn hàng','Confirm order delivered'),(33,2,'Bảng lương tháng','月工资表'),(34,3,'Bảng lương tháng','Monthly Payroll'),(35,2,'Báo cáo','报表'),(36,3,'Báo cáo','Reports'),(37,2,'Báo cáo doanh thu','营收报表'),(38,3,'Báo cáo doanh thu','Revenue Report'),(39,2,'Báo cáo đơn hàng','订单报表'),(40,3,'Báo cáo đơn hàng','Order Report'),(41,2,'Báo cáo khách hàng','客户报表'),(42,3,'Báo cáo khách hàng','Customer Report'),(43,2,'Bao hàng chưa có kiện nào','包裹内暂无货件'),(44,3,'Bao hàng chưa có kiện nào','No items in this bag'),(45,2,'Bao hàng lẻ','散货打包'),(46,3,'Bao hàng lẻ','Retail Bags'),(47,2,'Bao sẽ được mở lại để thêm/gỡ kiện','包裹将被重新打开以添加/移除货件'),(48,3,'Bao sẽ được mở lại để thêm/gỡ kiện','Bag will be reopened to add/remove items'),(49,2,'Bảo trì','维护中'),(50,3,'Bảo trì','Maintenance'),(51,2,'Bật gửi email thông báo','启用邮件通知'),(52,3,'Bật gửi email thông báo','Enable email notifications'),(53,2,'Bật thông báo Telegram','启用Telegram通知'),(54,3,'Bật thông báo Telegram','Enable Telegram notifications'),(55,2,'Batch Scan - Kho Trung Quốc','批量扫描 - 中国仓库'),(56,3,'Batch Scan - Kho Trung Quốc','Batch Scan - China Warehouse'),(57,2,'Batch Scan - Kho Việt Nam','批量扫描 - 越南仓库'),(58,3,'Batch Scan - Kho Việt Nam','Batch Scan - Vietnam Warehouse'),(59,2,'Batch Scan - Quét mã hàng loạt','批量扫描 - 批量扫码'),(60,3,'Batch Scan - Quét mã hàng loạt','Batch Scan - Bulk Scanning'),(61,2,'Biển số / Tài xế','车牌号 / 司机'),(62,3,'Biển số / Tài xế','Plate / Driver'),(63,2,'Biển số xe','车牌号'),(64,3,'Biển số xe','License Plate'),(65,2,'Biểu đồ','图表'),(66,3,'Biểu đồ','Chart'),(67,2,'Bỏ lọc','清除筛选'),(68,3,'Bỏ lọc','Clear Filter'),(69,2,'Bỏ trống nếu không đổi','不修改请留空'),(70,3,'Bỏ trống nếu không đổi','Leave blank if not changing'),(71,2,'Các kiện sẽ quay lại trạng thái kho Trung Quốc','货件将恢复为中国仓库状态'),(72,3,'Các kiện sẽ quay lại trạng thái kho Trung Quốc','Items will revert to China Warehouse status'),(73,2,'Cài đặt','设置'),(74,3,'Cài đặt','Settings'),(75,2,'Cài đặt chung','通用设置'),(76,3,'Cài đặt chung','General Settings'),(77,2,'Cài đặt hệ thống','系统设置'),(78,3,'Cài đặt hệ thống','System Settings'),(79,2,'Cân (kg)','重量(kg)'),(80,3,'Cân (kg)','Weight (kg)'),(81,2,'Cân nặng','重量'),(82,3,'Cân nặng','Weight'),(83,2,'Cân nặng (kg)','重量 (kg)'),(84,3,'Cân nặng (kg)','Weight (kg)'),(85,2,'Cân nặng / Số khối','重量 / 体积'),(86,3,'Cân nặng / Số khối','Weight / Volume'),(87,2,'Cân nặng/kiện','重量/件'),(88,3,'Cân nặng/kiện','Weight/Pkg'),(89,2,'Cân quy đổi','换算重量'),(90,3,'Cân quy đổi','Converted Weight'),(91,2,'Cân tính phí','计费重量'),(92,3,'Cân tính phí','Chargeable Weight'),(93,2,'Cao','高'),(94,3,'Cao','Height'),(95,2,'Cao (cm)','高 (cm)'),(96,3,'Cao (cm)','Height (cm)'),(97,2,'Cập nhật','更新'),(98,3,'Cập nhật','Update'),(99,2,'Cập nhật hàng loạt','批量更新'),(100,3,'Cập nhật hàng loạt','Bulk Update'),(101,2,'Cập nhật thông tin','更新信息'),(102,3,'Cập nhật thông tin','Update Info'),(103,2,'Cập nhật trạng thái','更新状态'),(104,3,'Cập nhật trạng thái','Update Status'),(105,2,'Chế độ quét','扫描模式'),(106,3,'Chế độ quét','Scan Mode'),(107,2,'Chi phí','费用'),(108,3,'Chi phí','Cost'),(109,2,'Chi phí vận chuyển','运费'),(110,3,'Chi phí vận chuyển','Shipping Cost'),(111,2,'Chi tiết','详情'),(112,3,'Chi tiết','Details'),(113,2,'Chi tiết chuyến xe','车次详情'),(114,3,'Chi tiết chuyến xe','Shipment Details'),(115,2,'Chi tiết doanh thu','营收详情'),(116,3,'Chi tiết doanh thu','Revenue Details'),(117,2,'Chi tiết đơn','订单详情'),(118,3,'Chi tiết đơn','Order Details'),(119,2,'Chi tiết đơn hàng','订单详情'),(120,3,'Chi tiết đơn hàng','Order Details'),(121,2,'Chi tiết khách hàng','客户详情'),(122,3,'Chi tiết khách hàng','Customer Details'),(123,2,'Chi tiết kiện','货件详情'),(124,3,'Chi tiết kiện','Package Details'),(125,2,'Chi tiết lương','工资详情'),(126,3,'Chi tiết lương','Salary Details'),(127,2,'Chi tiêu trong kỳ','期间消费'),(128,3,'Chi tiêu trong kỳ','Spending in Period'),(129,2,'cho','给'),(130,3,'cho','for'),(131,2,'Chờ giao hàng','待交付'),(132,3,'Chờ giao hàng','Pending Delivery'),(133,2,'Chờ xử lý','待处理'),(134,3,'Chờ xử lý','Pending'),(135,2,'Chưa chọn bản ghi nào','未选择任何记录'),(136,3,'Chưa chọn bản ghi nào','No records selected'),(137,2,'Chưa chọn bản ghi nháp nào','未选择任何草稿记录'),(138,3,'Chưa chọn bản ghi nháp nào','No draft records selected'),(139,2,'Chưa có ảnh nào','暂无图片'),(140,3,'Chưa có ảnh nào','No images yet'),(141,2,'Chưa có bao hàng nào','暂无包裹'),(142,3,'Chưa có bao hàng nào','No bags yet'),(143,2,'Chưa có chuyến xe nào','暂无车次'),(144,3,'Chưa có chuyến xe nào','No shipments yet'),(145,2,'Chưa có chuyến xe nào đang chuẩn bị','暂无准备中的车次'),(146,3,'Chưa có chuyến xe nào đang chuẩn bị','No shipments being prepared'),(147,2,'Chưa có đơn hàng','暂无订单'),(148,3,'Chưa có đơn hàng','No orders yet'),(149,2,'Chưa có đơn hàng đã giao','暂无已交付订单'),(150,3,'Chưa có đơn hàng đã giao','No delivered orders'),(151,2,'Chưa có đơn hàng liên kết','暂无关联订单'),(152,3,'Chưa có đơn hàng liên kết','No linked orders'),(153,2,'Chưa có dữ liệu','暂无数据'),(154,3,'Chưa có dữ liệu','No data'),(155,2,'Chưa có hoạt động nào','暂无活动记录'),(156,3,'Chưa có hoạt động nào','No activities yet'),(157,2,'Chưa có kiện hàng liên kết.','暂无关联货件。'),(158,3,'Chưa có kiện hàng liên kết.','No linked packages.'),(159,2,'Chưa có kiện hàng nào','暂无货件'),(160,3,'Chưa có kiện hàng nào','No packages yet'),(161,2,'Chưa có kiện nào. Hãy quét mã vận đơn để thêm.','暂无货件。请扫描运单号添加。'),(162,3,'Chưa có kiện nào. Hãy quét mã vận đơn để thêm.','No packages yet. Scan a tracking number to add.'),(163,2,'Chưa có lần quét nào. Bắt đầu quét mã vận đơn ở trên.','暂无扫描记录。请在上方开始扫描运单号。'),(164,3,'Chưa có lần quét nào. Bắt đầu quét mã vận đơn ở trên.','No scans yet. Start scanning tracking numbers above.'),(165,2,'Chưa có lịch sử','暂无历史记录'),(166,3,'Chưa có lịch sử','No history'),(167,2,'Chưa có ngôn ngữ nào','暂无语言'),(168,3,'Chưa có ngôn ngữ nào','No languages yet'),(169,2,'Chưa có tài khoản?','还没有账号？'),(170,3,'Chưa có tài khoản?','Don\'t have an account?'),(171,2,'Chưa dịch','未翻译'),(172,3,'Chưa dịch','Not translated'),(173,2,'Chưa quét đơn nào','暂未扫描'),(174,3,'Chưa quét đơn nào','No items scanned'),(175,2,'Chưa trả','未支付'),(176,3,'Chưa trả','Unpaid'),(177,2,'Chuyến xe','车次'),(178,3,'Chuyến xe','Shipment'),(179,2,'Chuyến xe có sẵn','可用车次'),(180,3,'Chuyến xe có sẵn','Available Shipments'),(181,2,'CNY','CNY'),(182,3,'CNY','CNY'),(183,2,'Có','是'),(184,3,'Có','Yes'),(185,2,'Cổng khách hàng','客户门户'),(186,3,'Cổng khách hàng','Customer Portal'),(187,2,'Công nợ','应收账款'),(188,3,'Công nợ','Debt'),(189,2,'Cước','运费'),(190,3,'Cước','Freight'),(191,2,'Cước theo kg','按公斤计费'),(192,3,'Cước theo kg','By Weight'),(193,2,'Cước theo kg (₫)','按公斤计费 (₫)'),(194,3,'Cước theo kg (₫)','By Weight (₫)'),(195,2,'Cước theo m³','按立方米计费'),(196,3,'Cước theo m³','By Volume'),(197,2,'Cước theo m³ (₫)','按立方米计费 (₫)'),(198,3,'Cước theo m³ (₫)','By Volume (₫)'),(199,2,'Cước tính = MAX(cân nặng × đơn giá/kg, số khối × đơn giá/m³)','运费 = MAX(重量 × 单价/kg, 体积 × 单价/m³)'),(200,3,'Cước tính = MAX(cân nặng × đơn giá/kg, số khối × đơn giá/m³)','Freight = MAX(weight × rate/kg, volume × rate/m³)'),(201,2,'Cước vận chuyển','运输费用'),(202,3,'Cước vận chuyển','Shipping Fee'),(203,2,'Đã chọn','已选'),(204,3,'Đã chọn','Selected'),(205,2,'Đã có tài khoản?','已有账号？'),(206,3,'Đã có tài khoản?','Already have an account?'),(207,2,'Đã đến','已到达'),(208,3,'Đã đến','Arrived'),(209,2,'Đã dịch','已翻译'),(210,3,'Đã dịch','Translated'),(211,2,'Đã đóng bao','已打包'),(212,3,'Đã đóng bao','Bagged'),(213,2,'Đã giao','已交付'),(214,3,'Đã giao','Delivered'),(215,2,'Đã giao gần đây','最近交付'),(216,3,'Đã giao gần đây','Recently Delivered'),(217,2,'Đã giao hàng','已交付'),(218,3,'Đã giao hàng','Delivered'),(219,2,'Đã hủy','已取消'),(220,3,'Đã hủy','Cancelled'),(221,2,'Đã kết thúc phiên quét','扫描已结束'),(222,3,'Đã kết thúc phiên quét','Scan session ended'),(223,2,'Đã mua hàng','已购买'),(224,3,'Đã mua hàng','Purchased'),(225,2,'Đã quét','已扫描'),(226,3,'Đã quét','Scanned'),(227,2,'Đã thanh toán ngày','支付日期'),(228,3,'Đã thanh toán ngày','Paid on'),(229,2,'Đã trả','已支付'),(230,3,'Đã trả','Paid'),(231,2,'Đã về kho TQ','已到中国仓'),(232,3,'Đã về kho TQ','At CN Warehouse'),(233,2,'Đã về kho Trung Quốc','已到中国仓库'),(234,3,'Đã về kho Trung Quốc','At China Warehouse'),(235,2,'Đã về kho Việt Nam','已到越南仓库'),(236,3,'Đã về kho Việt Nam','At Vietnam Warehouse'),(237,2,'Đã xác nhận','已确认'),(238,3,'Đã xác nhận','Confirmed'),(239,2,'Dài','长'),(240,3,'Dài','Length'),(241,2,'Dài (cm)','长 (cm)'),(242,3,'Dài (cm)','Length (cm)'),(243,2,'Đại lý','代理'),(244,3,'Đại lý','Agent'),(245,2,'Đăng ký','注册'),(246,3,'Đăng ký','Register'),(247,2,'Đăng ký tài khoản','注册账号'),(248,3,'Đăng ký tài khoản','Create Account'),(249,2,'Đang lọc kiện hàng của đơn','正在筛选订单的货件'),(250,3,'Đang lọc kiện hàng của đơn','Filtering packages for order'),(251,2,'Đang lưu...','保存中...'),(252,3,'Đang lưu...','Saving...'),(253,2,'Đăng nhập','登录'),(254,3,'Đăng nhập','Login'),(255,2,'Đăng nhập để xem chi tiết','请登录查看详情'),(256,3,'Đăng nhập để xem chi tiết','Login to view details'),(257,2,'Đăng nhập Khách Hàng','客户登录'),(258,3,'Đăng nhập Khách Hàng','Customer Login'),(259,2,'Đăng nhập Kho Trung Quốc','中国仓库登录'),(260,3,'Đăng nhập Kho Trung Quốc','China Warehouse Login'),(261,2,'Đăng nhập Kho Việt Nam','越南仓库登录'),(262,3,'Đăng nhập Kho Việt Nam','Vietnam Warehouse Login'),(263,2,'Đang quét...','扫描中...'),(264,3,'Đang quét...','Scanning...'),(265,2,'Đang tải...','加载中...'),(266,3,'Đang tải...','Loading...'),(267,2,'Đang tạo...','创建中...'),(268,3,'Đang tạo...','Creating...'),(269,2,'Đang tra cứu...','查询中...'),(270,3,'Đang tra cứu...','Looking up...'),(271,2,'Đang vận chuyển','运输中'),(272,3,'Đang vận chuyển','In Transit'),(273,2,'Đang về kho Trung Quốc','发往中国仓库'),(274,3,'Đang về kho Trung Quốc','Shipping to China Warehouse'),(275,2,'Đang xử lý...','处理中...'),(276,3,'Đang xử lý...','Processing...'),(277,2,'Đăng xuất','退出登录'),(278,3,'Đăng xuất','Logout'),(279,2,'Đánh dấu đã trả','标记已支付'),(280,3,'Đánh dấu đã trả','Mark as Paid'),(281,2,'Đánh dấu đã trả hàng loạt','批量标记已支付'),(282,3,'Đánh dấu đã trả hàng loạt','Bulk Mark as Paid'),(283,2,'Đánh dấu đã trả lương?','确认标记为已发工资？'),(284,3,'Đánh dấu đã trả lương?','Mark salary as paid?'),(285,2,'Danh sách bao','包裹列表'),(286,3,'Danh sách bao','Bag List'),(287,2,'Danh sách bao hàng','包裹列表'),(288,3,'Danh sách bao hàng','Bag List'),(289,2,'Danh sách chuyến xe','车次列表'),(290,3,'Danh sách chuyến xe','Shipment List'),(291,2,'Danh sách đơn hàng','订单列表'),(292,3,'Danh sách đơn hàng','Order List'),(293,2,'Danh sách giao dịch','交易列表'),(294,3,'Danh sách giao dịch','Transaction List'),(295,2,'Danh sách hàng lẻ','散货列表'),(296,3,'Danh sách hàng lẻ','Retail Items'),(297,2,'Danh sách hàng lô','整批列表'),(298,3,'Danh sách hàng lô','Wholesale Items'),(299,2,'Danh sách khách hàng','客户列表'),(300,3,'Danh sách khách hàng','Customer List'),(301,2,'Danh sách kiện','货件列表'),(302,3,'Danh sách kiện','Package List'),(303,2,'Danh sách kiện hàng','货件列表'),(304,3,'Danh sách kiện hàng','Package List'),(305,2,'Danh sách ngôn ngữ','语言列表'),(306,3,'Danh sách ngôn ngữ','Language List'),(307,2,'Danh sách nhân viên','员工列表'),(308,3,'Danh sách nhân viên','Staff List'),(309,2,'Đặt','设'),(310,3,'Đặt','Set'),(311,2,'Đặt mặc định','设为默认'),(312,3,'Đặt mặc định','Set Default'),(313,2,'Để trống để tạo tự động','留空自动生成'),(314,3,'Để trống để tạo tự động','Leave blank to auto-generate'),(315,2,'Đến','到'),(316,3,'Đến','To'),(317,2,'Đến ngày','至日期'),(318,3,'Đến ngày','To Date'),(319,2,'Địa chỉ','地址'),(320,3,'Địa chỉ','Address'),(321,2,'Địa chỉ nhận hàng VN','越南收货地址'),(322,3,'Địa chỉ nhận hàng VN','Vietnam Delivery Address'),(323,2,'Địa chỉ Việt Nam','越南地址'),(324,3,'Địa chỉ Việt Nam','Vietnam Address'),(325,2,'Địa chỉ VN','越南地址'),(326,3,'Địa chỉ VN','VN Address'),(327,2,'Dịch','翻译'),(328,3,'Dịch','Translate'),(329,2,'Điện thoại','电话'),(330,3,'Điện thoại','Phone'),(331,2,'Điều chỉnh','调整'),(332,3,'Điều chỉnh','Adjustment'),(333,2,'Điều chỉnh số dư. Có thể tăng hoặc giảm.','调整余额。可增加或减少。'),(334,3,'Điều chỉnh số dư. Có thể tăng hoặc giảm.','Adjust balance. Can increase or decrease.'),(335,2,'Doanh thu','营收'),(336,3,'Doanh thu','Revenue'),(337,2,'Doanh thu tháng','月营收'),(338,3,'Doanh thu tháng','Monthly Revenue'),(339,2,'Doanh thu theo tháng','按月营收'),(340,3,'Doanh thu theo tháng','Revenue by Month'),(341,2,'Đổi mật khẩu','修改密码'),(342,3,'Đổi mật khẩu','Change Password'),(343,2,'đơn','单'),(344,3,'đơn','orders'),(345,2,'Đơn cuối','最后一单'),(346,3,'Đơn cuối','Last Order'),(347,2,'Đơn giá','单价'),(348,3,'Đơn giá','Unit Price'),(349,2,'Đơn giá / kg','单价 / kg'),(350,3,'Đơn giá / kg','Price / kg'),(351,2,'Đơn giá / m³','单价 / m³'),(352,3,'Đơn giá / m³','Price / m³'),(353,2,'Đơn giá cước đường bộ','陆运单价'),(354,3,'Đơn giá cước đường bộ','Land Shipping Rate'),(355,2,'đơn hàng','订单'),(356,3,'đơn hàng','Orders'),(357,2,'Đơn hàng cần xử lý','待处理订单'),(358,3,'Đơn hàng cần xử lý','Orders to Process'),(359,2,'Đơn hàng chờ giao','待交付订单'),(360,3,'Đơn hàng chờ giao','Pending Delivery'),(361,2,'Đơn hàng của tôi','我的订单'),(362,3,'Đơn hàng của tôi','My Orders'),(363,2,'Đơn hàng gần đây','最近订单'),(364,3,'Đơn hàng gần đây','Recent Orders'),(365,2,'Đơn hàng kho Trung Quốc','中国仓库订单'),(366,3,'Đơn hàng kho Trung Quốc','China Warehouse Orders'),(367,2,'Đơn hàng liên kết','关联订单'),(368,3,'Đơn hàng liên kết','Linked Orders'),(369,2,'Đơn hàng tại kho Việt Nam','越南仓库订单'),(370,3,'Đơn hàng tại kho Việt Nam','Vietnam Warehouse Orders'),(371,2,'Đơn hàng theo ngày','按日订单'),(372,3,'Đơn hàng theo ngày','Orders by Date'),(373,2,'Đơn tháng này','本月订单'),(374,3,'Đơn tháng này','This Month'),(375,2,'Đơn trong kỳ','期间订单'),(376,3,'Đơn trong kỳ','Orders in Period'),(377,2,'dòng','行'),(378,3,'dòng','rows'),(379,2,'Đóng','关闭'),(380,3,'Đóng','Close'),(381,2,'dòng / trang','行/页'),(382,3,'dòng / trang','rows/page'),(383,2,'Đóng bao','打包'),(384,3,'Đóng bao','Seal Bag'),(385,2,'Đóng bao mới','新建包裹'),(386,3,'Đóng bao mới','New Bag'),(387,2,'Đóng bao?','确认打包？'),(388,3,'Đóng bao?','Seal bag?'),(389,2,'dòng thiếu dữ liệu cân nặng hoặc số khối','行缺少重量或体积数据'),(390,3,'dòng thiếu dữ liệu cân nặng hoặc số khối','rows missing weight or volume data'),(391,2,'Đồng ý','确定'),(392,3,'Đồng ý','Confirm'),(393,2,'Dữ liệu khách hàng sẽ bị xóa vĩnh viễn!','客户数据将被永久删除！'),(394,3,'Dữ liệu khách hàng sẽ bị xóa vĩnh viễn!','Customer data will be permanently deleted!'),(395,2,'Dữ liệu thống kê phiên này sẽ bị reset.','本次会话统计数据将被重置。'),(396,3,'Dữ liệu thống kê phiên này sẽ bị reset.','Session statistics will be reset.'),(397,2,'Dùng App Password nếu bật 2FA','启用2FA时请使用应用密码'),(398,3,'Dùng App Password nếu bật 2FA','Use App Password if 2FA is enabled'),(399,2,'Đường bay','空运'),(400,3,'Đường bay','Air'),(401,2,'Đường biển','海运'),(402,3,'Đường biển','Sea'),(403,2,'Đường bộ','陆运'),(404,3,'Đường bộ','Land'),(405,2,'Email','邮箱'),(406,3,'Email','Email'),(407,2,'Ghi chú','备注'),(408,3,'Ghi chú','Note'),(409,2,'Ghi chú (không bắt buộc)','备注（选填）'),(410,3,'Ghi chú (không bắt buộc)','Note (optional)'),(411,2,'Ghi chú giao hàng (không bắt buộc)','交货备注（选填）'),(412,3,'Ghi chú giao hàng (không bắt buộc)','Delivery note (optional)'),(413,2,'Ghi chú khách hàng','客户备注'),(414,3,'Ghi chú khách hàng','Customer Note'),(415,2,'Ghi chú nội bộ','内部备注'),(416,3,'Ghi chú nội bộ','Internal Note'),(417,2,'Giá trị TB/đơn','均单价值'),(418,3,'Giá trị TB/đơn','Avg Value/Order'),(419,2,'Giao dịch','交易'),(420,3,'Giao dịch','Transactions'),(421,2,'Giao hàng','交付'),(422,3,'Giao hàng','Delivery'),(423,2,'Giao hôm nay','今日交付'),(424,3,'Giao hôm nay','Delivered Today'),(425,2,'Gỡ','移除'),(426,3,'Gỡ','Remove'),(427,2,'Gỡ kiện khỏi chuyến?','从车次中移除货件？'),(428,3,'Gỡ kiện khỏi chuyến?','Remove package from shipment?'),(429,2,'Gỡ liên kết','取消关联'),(430,3,'Gỡ liên kết','Unlink'),(431,2,'Gốc','源语言'),(432,3,'Gốc','Source'),(433,2,'gồm','包含'),(434,3,'gồm','includes'),(435,2,'Gộp / Tách kiện','合并/拆分货件'),(436,3,'Gộp / Tách kiện','Merge/Split Package'),(437,2,'Gộp kiện','合并货件'),(438,3,'Gộp kiện','Merge Package'),(439,2,'Gộp: chọn kiện khác để gộp chung. Tách: phân đơn hàng vào kiện mới.','合并：选择其他货件合并。拆分：将订单分配到新货件。'),(440,3,'Gộp: chọn kiện khác để gộp chung. Tách: phân đơn hàng vào kiện mới.','Merge: select another package to merge. Split: assign orders to a new package.'),(441,2,'Gửi email test','发送测试邮件'),(442,3,'Gửi email test','Send Test Email'),(443,2,'Gửi thành công!','发送成功！'),(444,3,'Gửi thành công!','Sent successfully!'),(445,2,'Gửi tin nhắn test','发送测试消息'),(446,3,'Gửi tin nhắn test','Send Test Message'),(447,2,'Hàng chờ xếp xe','待装车货物'),(448,3,'Hàng chờ xếp xe','Pending Loading'),(449,2,'Hàng dễ','普货'),(450,3,'Hàng dễ','Standard'),(451,2,'Hàng dễ vận chuyển','普通货物'),(452,3,'Hàng dễ vận chuyển','Standard Goods'),(453,2,'Hàng khó','敏感货'),(454,3,'Hàng khó','Sensitive'),(455,2,'Hàng khó vận chuyển','敏感货物'),(456,3,'Hàng khó vận chuyển','Sensitive Goods'),(457,2,'Hàng lẻ','散货'),(458,3,'Hàng lẻ','Retail'),(459,2,'Hàng lẻ (đã đóng bao)','散货（已打包）'),(460,3,'Hàng lẻ (đã đóng bao)','Retail (Bagged)'),(461,2,'Hàng lô','整批'),(462,3,'Hàng lô','Wholesale'),(463,2,'Hàng lô (kho TQ)','整批（中国仓）'),(464,3,'Hàng lô (kho TQ)','Wholesale (CN)'),(465,2,'hang-cho-xep-xe','hang-cho-xep-xe'),(466,3,'hang-cho-xep-xe','hang-cho-xep-xe'),(467,2,'Hành động','操作'),(468,3,'Hành động','Actions'),(469,2,'Hành động hàng loạt','批量操作'),(470,3,'Hành động hàng loạt','Bulk Actions'),(471,2,'Hệ thống quản lý kho Trung Quốc','中国仓库管理系统'),(472,3,'Hệ thống quản lý kho Trung Quốc','China Warehouse Management System'),(473,2,'Hệ thống quản lý kho Việt Nam','越南仓库管理系统'),(474,3,'Hệ thống quản lý kho Việt Nam','Vietnam Warehouse Management System'),(475,2,'Hiển thị','显示'),(476,3,'Hiển thị','Display'),(477,2,'Hồ sơ cá nhân','个人资料'),(478,3,'Hồ sơ cá nhân','Profile'),(479,2,'Họ tên','姓名'),(480,3,'Họ tên','Full Name'),(481,2,'Họ và tên','姓名'),(482,3,'Họ và tên','Full Name'),(483,2,'Họ và tên phải có ít nhất 2 ký tự','姓名至少需要2个字符'),(484,3,'Họ và tên phải có ít nhất 2 ký tự','Name must be at least 2 characters'),(485,2,'Hoàn thành','完成'),(486,3,'Hoàn thành','Completed'),(487,2,'Hoàn tiền','退款'),(488,3,'Hoàn tiền','Refund'),(489,2,'Hoàn tiền khi hủy đơn/lỗi. Số dư tăng.','取消/出错时退款。余额增加。'),(490,3,'Hoàn tiền khi hủy đơn/lỗi. Số dư tăng.','Refund on cancellation/error. Balance increases.'),(491,2,'Hoạt động','活跃'),(492,3,'Hoạt động','Active'),(493,2,'Hoạt động gần đây','最近活动'),(494,3,'Hoạt động gần đây','Recent Activity'),(495,2,'Hướng dẫn','指南'),(496,3,'Hướng dẫn','Guide'),(497,2,'Hủy','取消'),(498,3,'Hủy','Cancel'),(499,2,'Icon','图标'),(500,3,'Icon','Icon'),(501,2,'Kết quả','结果'),(502,3,'Kết quả','Results'),(503,2,'Kết thúc','结束'),(504,3,'Kết thúc','End'),(505,2,'Kết thúc & Gửi báo cáo','结束并发送报告'),(506,3,'Kết thúc & Gửi báo cáo','End & Send Report'),(507,2,'Kết thúc phiên quét','结束扫描'),(508,3,'Kết thúc phiên quét','End Scan Session'),(509,2,'Key','Key'),(510,3,'Key','Key'),(511,2,'Key hoặc bản dịch...','Key或翻译...'),(512,3,'Key hoặc bản dịch...','Key or translation...'),(513,2,'khách','客户'),(514,3,'khách','customers'),(515,2,'Khách hàng','客户'),(516,3,'Khách hàng','Customers'),(517,2,'Khách hàng chuyển tiền vào tài khoản. Số dư tăng.','客户转账充值。余额增加。'),(518,3,'Khách hàng chuyển tiền vào tài khoản. Số dư tăng.','Customer deposits funds. Balance increases.'),(519,2,'Khách hàng có đơn trong kỳ','期间有订单的客户'),(520,3,'Khách hàng có đơn trong kỳ','Customers with Orders'),(521,2,'Khách hàng không hoạt động trong kỳ','期间不活跃客户'),(522,3,'Khách hàng không hoạt động trong kỳ','Inactive Customers'),(523,2,'Khách hàng mới trong kỳ','期间新客户'),(524,3,'Khách hàng mới trong kỳ','New Customers'),(525,2,'Khách hàng nợ','欠款客户'),(526,3,'Khách hàng nợ','Customers with Debt'),(527,2,'Khấu trừ','扣款'),(528,3,'Khấu trừ','Deduction'),(529,2,'Kho','仓库'),(530,3,'Kho','Warehouse'),(531,2,'Kho hàng','仓库'),(532,3,'Kho hàng','Warehouse'),(533,2,'Kho TQ','中国仓'),(534,3,'Kho TQ','CN Warehouse'),(535,2,'Kho Trung Quốc','中国仓库'),(536,3,'Kho Trung Quốc','China Warehouse'),(537,2,'Kho Trung Quốc - Cửa Khẩu','中国仓库 - 口岸'),(538,3,'Kho Trung Quốc - Cửa Khẩu','China Warehouse - Border'),(539,2,'Kho Việt Nam','越南仓库'),(540,3,'Kho Việt Nam','Vietnam Warehouse'),(541,2,'Kho VN','越南仓'),(542,3,'Kho VN','VN Warehouse'),(543,2,'Không','否'),(544,3,'Không','No'),(545,2,'Không có đơn chờ giao','没有待交付订单'),(546,3,'Không có đơn chờ giao','No pending deliveries'),(547,2,'Không có đơn hàng chờ giao','没有待交付订单'),(548,3,'Không có đơn hàng chờ giao','No orders pending delivery'),(549,2,'Không có dữ liệu','没有数据'),(550,3,'Không có dữ liệu','No data'),(551,2,'Không có kết quả','没有结果'),(552,3,'Không có kết quả','No results'),(553,2,'Không có key nào','没有Key'),(554,3,'Không có key nào','No keys found'),(555,2,'Không có khách hàng nợ','没有欠款客户'),(556,3,'Không có khách hàng nợ','No customers with debt'),(557,2,'Không có kiện hàng nào','没有货件'),(558,3,'Không có kiện hàng nào','No packages'),(559,2,'Không có kiện hàng nào chờ xếp xe','没有待装车的货件'),(560,3,'Không có kiện hàng nào chờ xếp xe','No packages pending loading'),(561,2,'Không có kiện hàng nào để xếp xe','没有可装车的货件'),(562,3,'Không có kiện hàng nào để xếp xe','No packages available for loading'),(563,2,'Không có thay đổi nào','没有变更'),(564,3,'Không có thay đổi nào','No changes'),(565,2,'Không thể kết nối đến máy chủ. Vui lòng thử lại.','无法连接服务器。请重试。'),(566,3,'Không thể kết nối đến máy chủ. Vui lòng thử lại.','Cannot connect to server. Please try again.'),(567,2,'Không tìm thấy đơn hàng','未找到订单'),(568,3,'Không tìm thấy đơn hàng','Order not found'),(569,2,'Kích thước','尺寸'),(570,3,'Kích thước','Dimensions'),(571,2,'Kích thước (cm)','尺寸 (cm)'),(572,3,'Kích thước (cm)','Dimensions (cm)'),(573,2,'kiện','货件'),(574,3,'kiện','Packages'),(575,2,'Kiện đang chuyển','运输中的货件'),(576,3,'Kiện đang chuyển','In Transit'),(577,2,'kiện hàng','货件'),(578,3,'kiện hàng','Packages'),(579,2,'Kiện hàng trong bao','包裹内的货件'),(580,3,'Kiện hàng trong bao','Packages in Bag'),(581,2,'Kiện sẽ tự động liên kết với đơn này','货件将自动关联到此订单'),(582,3,'Kiện sẽ tự động liên kết với đơn này','Package will auto-link to this order'),(583,2,'Kỳ','期间'),(584,3,'Kỳ','Period'),(585,2,'làm ngôn ngữ mặc định','设为默认语言'),(586,3,'làm ngôn ngữ mặc định','as default language'),(587,2,'Lấy chat ID qua','获取Chat ID通过'),(588,3,'Lấy chat ID qua','Get Chat ID via'),(589,2,'Lịch sử giao dịch','交易历史'),(590,3,'Lịch sử giao dịch','Transaction History'),(591,2,'Lịch sử quét phiên này','本次扫描记录'),(592,3,'Lịch sử quét phiên này','Scan History (this session)'),(593,2,'Lịch sử trạng thái','状态历史'),(594,3,'Lịch sử trạng thái','Status History'),(595,2,'Liên kết đơn','关联订单'),(596,3,'Liên kết đơn','Link Order'),(597,2,'Liên kết đơn hàng','关联订单'),(598,3,'Liên kết đơn hàng','Link Order'),(599,2,'Link sản phẩm','产品链接'),(600,3,'Link sản phẩm','Product Link'),(601,2,'Loại','类型'),(602,3,'Loại','Type'),(603,2,'Loại giao dịch','交易类型'),(604,3,'Loại giao dịch','Transaction Type'),(605,2,'Loại hàng','货物类型'),(606,3,'Loại hàng','Goods Type'),(607,2,'Loại khách hàng','客户类型'),(608,3,'Loại khách hàng','Customer Type'),(609,2,'Lọc','筛选'),(610,3,'Lọc','Filter'),(611,2,'Lỗi','错误'),(612,3,'Lỗi','Error'),(613,2,'Lỗi kết nối','连接错误'),(614,3,'Lỗi kết nối','Connection Error'),(615,2,'Lỗi kết nối server','服务器连接错误'),(616,3,'Lỗi kết nối server','Server Connection Error'),(617,2,'Lỗi kết nối. Vui lòng thử lại.','连接错误。请重试。'),(618,3,'Lỗi kết nối. Vui lòng thử lại.','Connection error. Please try again.'),(619,2,'Lương CB','基本工资'),(620,3,'Lương CB','Base Salary'),(621,2,'Lương cơ bản','基本工资'),(622,3,'Lương cơ bản','Base Salary'),(623,2,'Lương Nhân Viên','员工工资'),(624,3,'Lương Nhân Viên','Staff Salary'),(625,2,'Lưu','保存'),(626,3,'Lưu','Save'),(627,2,'Lưu cài đặt','保存设置'),(628,3,'Lưu cài đặt','Save Settings'),(629,2,'Lưu cân & kích thước','保存重量和尺寸'),(630,3,'Lưu cân & kích thước','Save Weight & Dimensions'),(631,2,'Lưu tất cả','全部保存'),(632,3,'Lưu tất cả','Save All'),(633,2,'Lưu thay đổi','保存更改'),(634,3,'Lưu thay đổi','Save Changes'),(635,2,'mã','编码'),(636,3,'mã','Code'),(637,2,'Mã bao','包裹编号'),(638,3,'Mã bao','Bag Code'),(639,2,'Mã bao...','包裹编号...'),(640,3,'Mã bao...','Bag code...'),(641,2,'Mã chuyến','车次编号'),(642,3,'Mã chuyến','Shipment Code'),(643,2,'Mã chuyến, biển số, tài xế...','车次编号、车牌号、司机...'),(644,3,'Mã chuyến, biển số, tài xế...','Shipment code, plate, driver...'),(645,2,'Mã đơn','订单编号'),(646,3,'Mã đơn','Order Code'),(647,2,'Mã đơn hàng','订单编号'),(648,3,'Mã đơn hàng','Order Code'),(649,2,'Mã giao hàng VN','越南交货编号'),(650,3,'Mã giao hàng VN','VN Delivery Code'),(651,2,'Mã hàng','货号'),(652,3,'Mã hàng','Item Code'),(653,2,'Mã hàng / Mã bao','货号 / 包裹号'),(654,3,'Mã hàng / Mã bao','Item / Bag Code'),(655,2,'Mã hàng / Mã vận đơn','货号 / 运单号'),(656,3,'Mã hàng / Mã vận đơn','Item / Tracking Code'),(657,2,'Mã hàng, mã bao...','货号、包裹号...'),(658,3,'Mã hàng, mã bao...','Item code, bag code...'),(659,2,'Mã ISO 639-1 (2 ký tự): vi, zh, en, ja, ko...','ISO 639-1代码（2个字符）：vi, zh, en, ja, ko...'),(660,3,'Mã ISO 639-1 (2 ký tự): vi, zh, en, ja, ko...','ISO 639-1 code (2 chars): vi, zh, en, ja, ko...'),(661,2,'Mã khách hàng','客户编号'),(662,3,'Mã khách hàng','Customer Code'),(663,2,'Mã kiện','货件编号'),(664,3,'Mã kiện','Package Code'),(665,2,'Mã kiện khác','其他货件编号'),(666,3,'Mã kiện khác','Other Package Code'),(667,2,'Mã kiện, mã vận đơn...','货件编号、运单号...'),(668,3,'Mã kiện, mã vận đơn...','Package code, tracking...'),(669,2,'Mã này đã được quét trong phiên này','此编号已在本次扫描中'),(670,3,'Mã này đã được quét trong phiên này','This code was already scanned in this session'),(671,2,'Mã ngôn ngữ','语言代码'),(672,3,'Mã ngôn ngữ','Language Code'),(673,2,'Mã vận chuyển QT','国际运单号'),(674,3,'Mã vận chuyển QT','Intl. Tracking'),(675,2,'Mã vận đơn','运单号'),(676,3,'Mã vận đơn','Tracking Number'),(677,2,'Mã vận đơn / Mã hàng','运单号 / 货号'),(678,3,'Mã vận đơn / Mã hàng','Tracking / Item Code'),(679,2,'Mã vận đơn TQ','中国运单号'),(680,3,'Mã vận đơn TQ','CN Tracking'),(681,2,'Mã vận đơn Trung Quốc','中国运单号'),(682,3,'Mã vận đơn Trung Quốc','China Tracking Number'),(683,2,'Mã vận đơn từ seller TQ','中国卖家运单号'),(684,3,'Mã vận đơn từ seller TQ','Tracking from CN seller'),(685,2,'Mã vận đơn/Mã đơn','运单号/订单号'),(686,3,'Mã vận đơn/Mã đơn','Tracking/Order Code'),(687,2,'Mặc định','默认'),(688,3,'Mặc định','Default'),(689,2,'Mật khẩu','密码'),(690,3,'Mật khẩu','Password'),(691,2,'Mật khẩu hiện tại','当前密码'),(692,3,'Mật khẩu hiện tại','Current Password'),(693,2,'Mật khẩu mới','新密码'),(694,3,'Mật khẩu mới','New Password'),(695,2,'Mật khẩu phải có ít nhất 6 ký tự','密码至少需要6个字符'),(696,3,'Mật khẩu phải có ít nhất 6 ký tự','Password must be at least 6 characters'),(697,2,'Mật khẩu xác nhận không khớp','确认密码不匹配'),(698,3,'Mật khẩu xác nhận không khớp','Password confirmation does not match'),(699,2,'Menu','菜单'),(700,3,'Menu','Menu'),(701,2,'Mở bao','开包'),(702,3,'Mở bao','Open Bag'),(703,2,'Mở lại bao','重新开包'),(704,3,'Mở lại bao','Reopen Bag'),(705,2,'Mở lại bao?','确认重新开包？'),(706,3,'Mở lại bao?','Reopen bag?'),(707,2,'Mô tả','描述'),(708,3,'Mô tả','Description'),(709,2,'Mới','新增'),(710,3,'Mới','New'),(711,2,'Năm','年'),(712,3,'Năm','Year'),(713,2,'Nặng nhất','最重'),(714,3,'Nặng nhất','Heaviest'),(715,2,'Nạp tiền','充值'),(716,3,'Nạp tiền','Top Up'),(717,2,'Nền tảng','平台'),(718,3,'Nền tảng','Platform'),(719,2,'Ngày','日'),(720,3,'Ngày','Day'),(721,2,'Ngày công','工作日'),(722,3,'Ngày công','Work Days'),(723,2,'Ngày đến','到达日期'),(724,3,'Ngày đến','Arrival Date'),(725,2,'Ngày giao','交货日期'),(726,3,'Ngày giao','Delivery Date'),(727,2,'Ngày tạo','创建日期'),(728,3,'Ngày tạo','Created Date'),(729,2,'Ngày xuất phát','出发日期'),(730,3,'Ngày xuất phát','Departure Date'),(731,2,'Ngôn ngữ','语言'),(732,3,'Ngôn ngữ','Language'),(733,2,'Người dùng','用户'),(734,3,'Người dùng','User'),(735,2,'Người tạo','创建人'),(736,3,'Người tạo','Created By'),(737,2,'nhân viên','员工'),(738,3,'nhân viên','Staff'),(739,2,'Nhân viên kho Trung Quốc','中国仓库员工'),(740,3,'Nhân viên kho Trung Quốc','China Warehouse Staff'),(741,2,'Nhân viên kho Việt Nam','越南仓库员工'),(742,3,'Nhân viên kho Việt Nam','Vietnam Warehouse Staff'),(743,2,'Nháp','草稿'),(744,3,'Nháp','Draft'),(745,2,'Nhập email','输入邮箱'),(746,3,'Nhập email','Enter email'),(747,2,'Nhập email nhận test','输入测试接收邮箱'),(748,3,'Nhập email nhận test','Enter test recipient email'),(749,2,'Nhập họ và tên','输入姓名'),(750,3,'Nhập họ và tên','Enter full name'),(751,2,'Nhập kho','入库'),(752,3,'Nhập kho','Warehouse In'),(753,2,'Nhập kho Trung Quốc','入库中国仓'),(754,3,'Nhập kho Trung Quốc','China Warehouse In'),(755,2,'Nhập kho Việt Nam','入库越南仓'),(756,3,'Nhập kho Việt Nam','Vietnam Warehouse In'),(757,2,'Nhập lại mật khẩu','再次输入密码'),(758,3,'Nhập lại mật khẩu','Re-enter password'),(759,2,'Nhập mã đơn hàng để theo dõi trạng thái','输入订单编号查询状态'),(760,3,'Nhập mã đơn hàng để theo dõi trạng thái','Enter order code to track status'),(761,2,'Nhập mã đơn hàng...','输入订单编号...'),(762,3,'Nhập mã đơn hàng...','Enter order code...'),(763,2,'Nhập mã hàng','输入货号'),(764,3,'Nhập mã hàng','Enter item code'),(765,2,'Nhập mã kiện muốn gộp chung với kiện này:','输入要合并的货件编号：'),(766,3,'Nhập mã kiện muốn gộp chung với kiện này:','Enter package code to merge with:'),(767,2,'Nhập mã tracking','输入运单号'),(768,3,'Nhập mã tracking','Enter tracking number'),(769,2,'Nhập mật khẩu','输入密码'),(770,3,'Nhập mật khẩu','Enter password'),(771,2,'Nhập mật khẩu (tối thiểu 6 ký tự)','输入密码（至少6个字符）'),(772,3,'Nhập mật khẩu (tối thiểu 6 ký tự)','Enter password (min 6 characters)'),(773,2,'Nhập số điện thoại','输入电话号码'),(774,3,'Nhập số điện thoại','Enter phone number'),(775,2,'Nhập số kiện muốn chọn','输入要选择的件数'),(776,3,'Nhập số kiện muốn chọn','Enter number of packages to select'),(777,2,'Nhập số tiền dương. Hệ thống tự xác định cộng/trừ theo loại giao dịch.','输入正数金额。系统根据交易类型自动加/减。'),(778,3,'Nhập số tiền dương. Hệ thống tự xác định cộng/trừ theo loại giao dịch.','Enter positive amount. System auto determines add/subtract by type.'),(779,2,'Nhập tên đăng nhập','输入用户名'),(780,3,'Nhập tên đăng nhập','Enter username'),(781,2,'Nhật ký','日志'),(782,3,'Nhật ký','Logs'),(783,2,'Nhật ký hệ thống','系统日志'),(784,3,'Nhật ký hệ thống','System Logs'),(785,2,'Nhật ký hoạt động','活动日志'),(786,3,'Nhật ký hoạt động','Activity Log'),(787,2,'Nhóm theo','分组'),(788,3,'Nhóm theo','Group By'),(789,2,'Ở lại trang này','留在此页'),(790,3,'Ở lại trang này','Stay on this page'),(791,2,'Online','在线'),(792,3,'Online','Online'),(793,2,'Phân bổ kiện hàng','分配货件'),(794,3,'Phân bổ kiện hàng','Allocate Packages'),(795,2,'Phân loại','分类'),(796,3,'Phân loại','Category'),(797,2,'Phân loại khách hàng','客户分类'),(798,3,'Phân loại khách hàng','Customer Category'),(799,2,'Phân loại vận chuyển','运输分类'),(800,3,'Phân loại vận chuyển','Shipping Category'),(801,2,'Phí bảo hiểm','保险费'),(802,3,'Phí bảo hiểm','Insurance Fee'),(803,2,'Phí dịch vụ','服务费'),(804,3,'Phí dịch vụ','Service Fee'),(805,2,'Phí dịch vụ mua hộ','代购服务费'),(806,3,'Phí dịch vụ mua hộ','Buying Service Fee'),(807,2,'Phí dịch vụ thu','收取服务费'),(808,3,'Phí dịch vụ thu','Service Fee Charged'),(809,2,'Phí đóng gỗ','木架费'),(810,3,'Phí đóng gỗ','Wooden Crate Fee'),(811,2,'Phí DV','服务费'),(812,3,'Phí DV','Service'),(813,2,'Phí khác','其他费用'),(814,3,'Phí khác','Other Fees'),(815,2,'Phí mua hộ','代购费'),(816,3,'Phí mua hộ','Buying Fee'),(817,2,'Phí ship','运费'),(818,3,'Phí ship','Shipping'),(819,2,'Phí vận chuyển','运费'),(820,3,'Phí vận chuyển','Shipping Fee'),(821,2,'Phụ cấp','津贴'),(822,3,'Phụ cấp','Allowance'),(823,2,'Phương thức','方式'),(824,3,'Phương thức','Method'),(825,2,'Quản lý dịch','翻译管理'),(826,3,'Quản lý dịch','Translation Management'),(827,2,'Quản lý giao dịch','交易管理'),(828,3,'Quản lý giao dịch','Transaction Management'),(829,2,'Quản lý khách hàng','客户管理'),(830,3,'Quản lý khách hàng','Customer Management'),(831,2,'Quản lý Kho & Vận chuyển','仓储与物流管理'),(832,3,'Quản lý Kho & Vận chuyển','Warehouse & Logistics'),(833,2,'Quản lý kiện','货件管理'),(834,3,'Quản lý kiện','Package Management'),(835,2,'Quản lý kiện hàng','货件管理'),(836,3,'Quản lý kiện hàng','Package Management'),(837,2,'Quản lý nhân viên','员工管理'),(838,3,'Quản lý nhân viên','Staff Management'),(839,2,'Quay lại','返回'),(840,3,'Quay lại','Go Back'),(841,2,'Quét hoặc nhập mã vận đơn / mã đơn hàng...','扫描或输入运单号/订单号...'),(842,3,'Quét hoặc nhập mã vận đơn / mã đơn hàng...','Scan or enter tracking/order code...'),(843,2,'Quét hoặc nhập mã vận đơn rồi nhấn Enter','扫描或输入运单号后按回车'),(844,3,'Quét hoặc nhập mã vận đơn rồi nhấn Enter','Scan or enter tracking number then press Enter'),(845,2,'Quét hôm nay','今日扫描'),(846,3,'Quét hôm nay','Scanned Today'),(847,2,'Quét key','扫描Key'),(848,3,'Quét key','Scan Keys'),(849,2,'Quét lúc','扫描时间'),(850,3,'Quét lúc','Scanned at'),(851,2,'Quét mã hàng loạt','批量扫码'),(852,3,'Quét mã hàng loạt','Batch Scan'),(853,2,'Quét mã nhập kho','扫码入库'),(854,3,'Quét mã nhập kho','Scan to Warehouse'),(855,2,'Quét mã vận chuyển QT / mã giao VN / mã đơn hàng...','扫描国际运单号/越南交货号/订单号...'),(856,3,'Quét mã vận chuyển QT / mã giao VN / mã đơn hàng...','Scan intl. tracking / VN delivery / order code...'),(857,2,'Quét mã vận đơn','扫描运单号'),(858,3,'Quét mã vận đơn','Scan Tracking'),(859,2,'Reset','重置'),(860,3,'Reset','Reset'),(861,2,'Rộng','宽'),(862,3,'Rộng','Width'),(863,2,'Rộng (cm)','宽 (cm)'),(864,3,'Rộng (cm)','Width (cm)'),(865,2,'Sản phẩm','产品'),(866,3,'Sản phẩm','Products'),(867,2,'Sau khi đóng sẽ không thể thêm/gỡ kiện','封包后无法添加/移除货件'),(868,3,'Sau khi đóng sẽ không thể thêm/gỡ kiện','Cannot add/remove items after sealing'),(869,2,'Sau khi đóng sẽ không thể thêm/gỡ kiện.','封包后无法添加/移除货件。'),(870,3,'Sau khi đóng sẽ không thể thêm/gỡ kiện.','Cannot add/remove items after sealing.'),(871,2,'SĐT','电话'),(872,3,'SĐT','Phone'),(873,2,'SĐT tài xế','司机电话'),(874,3,'SĐT tài xế','Driver Phone'),(875,2,'Ship nội TQ','中国国内运费'),(876,3,'Ship nội TQ','CN Domestic Shipping'),(877,2,'Ship quốc tế','国际运费'),(878,3,'Ship quốc tế','Intl. Shipping'),(879,2,'Số điện thoại','电话号码'),(880,3,'Số điện thoại','Phone Number'),(881,2,'Số đơn','订单数'),(882,3,'Số đơn','Orders'),(883,2,'Số dư','余额'),(884,3,'Số dư','Balance'),(885,2,'Số dư hiện tại','当前余额'),(886,3,'Số dư hiện tại','Current Balance'),(887,2,'Số dư sau','交易后余额'),(888,3,'Số dư sau','Balance After'),(889,2,'Số dư sau giao dịch','交易后余额'),(890,3,'Số dư sau giao dịch','Balance After Transaction'),(891,2,'Số dư trước','交易前余额'),(892,3,'Số dư trước','Balance Before'),(893,2,'Số giao dịch','交易数'),(894,3,'Số giao dịch','Transactions'),(895,2,'Số khối','体积'),(896,3,'Số khối','Volume'),(897,2,'Số khối (m³)','体积 (m³)'),(898,3,'Số khối (m³)','Volume (m³)'),(899,2,'Số kiện','件数'),(900,3,'Số kiện','Packages'),(901,2,'Số lượng','数量'),(902,3,'Số lượng','Quantity'),(903,2,'Số ngày công','工作天数'),(904,3,'Số ngày công','Work Days'),(905,2,'Số nhân viên','员工数'),(906,3,'Số nhân viên','Staff Count'),(907,2,'Số tiền','金额'),(908,3,'Số tiền','Amount'),(909,2,'STT','序号'),(910,3,'STT','#'),(911,2,'Sửa','编辑'),(912,3,'Sửa','Edit'),(913,2,'Sửa bao','编辑包裹'),(914,3,'Sửa bao','Edit Bag'),(915,2,'Sửa đơn hàng','编辑订单'),(916,3,'Sửa đơn hàng','Edit Order'),(917,2,'Sửa khách hàng','编辑客户'),(918,3,'Sửa khách hàng','Edit Customer'),(919,2,'Sửa kiện hàng','编辑货件'),(920,3,'Sửa kiện hàng','Edit Package'),(921,2,'Sửa ngôn ngữ','编辑语言'),(922,3,'Sửa ngôn ngữ','Edit Language'),(923,2,'Sửa nhân viên','编辑员工'),(924,3,'Sửa nhân viên','Edit Staff'),(925,2,'Sửa thông tin','编辑信息'),(926,3,'Sửa thông tin','Edit Info'),(927,2,'Sửa thông tin chuyến xe','编辑车次信息'),(928,3,'Sửa thông tin chuyến xe','Edit Shipment Info'),(929,2,'Tách kiện','拆分货件'),(930,3,'Tách kiện','Split Package'),(931,2,'Tải ảnh lên','上传图片'),(932,3,'Tải ảnh lên','Upload Image'),(933,2,'Tài chính','财务'),(934,3,'Tài chính','Finance'),(935,2,'Tại kho Trung Quốc','在中国仓库'),(936,3,'Tại kho Trung Quốc','At China Warehouse'),(937,2,'Tại kho Việt Nam','在越南仓库'),(938,3,'Tại kho Việt Nam','At Vietnam Warehouse'),(939,2,'Tài xế','司机'),(940,3,'Tài xế','Driver'),(941,2,'Tạo','创建'),(942,3,'Tạo','Create'),(943,2,'Tạo bảng lương','创建工资表'),(944,3,'Tạo bảng lương','Create Payroll'),(945,2,'Tạo bảng lương nháp cho tất cả nhân viên','为所有员工创建工资草稿'),(946,3,'Tạo bảng lương nháp cho tất cả nhân viên','Create draft payroll for all staff'),(947,2,'Tạo bảng lương tháng','创建月工资表'),(948,3,'Tạo bảng lương tháng','Create Monthly Payroll'),(949,2,'Tạo bao & bắt đầu quét','创建包裹并开始扫描'),(950,3,'Tạo bao & bắt đầu quét','Create Bag & Start Scanning'),(951,2,'Tạo bao hàng mới','创建新包裹'),(952,3,'Tạo bao hàng mới','Create New Bag'),(953,2,'Tạo bot qua','通过以下创建机器人'),(954,3,'Tạo bot qua','Create bot via'),(955,2,'Tạo chuyến','创建车次'),(956,3,'Tạo chuyến','Create Shipment'),(957,2,'Tạo chuyến mới','创建新车次'),(958,3,'Tạo chuyến mới','New Shipment'),(959,2,'Tạo chuyến xe','创建车次'),(960,3,'Tạo chuyến xe','Create Shipment'),(961,2,'Tạo chuyến xe mới','创建新车次'),(962,3,'Tạo chuyến xe mới','Create New Shipment'),(963,2,'Tạo chuyến xe và xếp kiện thành công','创建车次并装载货件成功'),(964,3,'Tạo chuyến xe và xếp kiện thành công','Shipment created and packages loaded successfully'),(965,2,'Tạo đơn','创建订单'),(966,3,'Tạo đơn','Create Order'),(967,2,'Tạo đơn hàng','创建订单'),(968,3,'Tạo đơn hàng','Create Order'),(969,2,'Tạo đơn hàng mới','创建新订单'),(970,3,'Tạo đơn hàng mới','Create New Order'),(971,2,'Tạo đơn mới','新建订单'),(972,3,'Tạo đơn mới','New Order'),(973,2,'Tạo giao dịch','创建交易'),(974,3,'Tạo giao dịch','Create Transaction'),(975,2,'Tạo giao dịch mới','创建新交易'),(976,3,'Tạo giao dịch mới','Create New Transaction'),(977,2,'Tạo khách hàng','创建客户'),(978,3,'Tạo khách hàng','Create Customer'),(979,2,'Tạo khách hàng mới','创建新客户'),(980,3,'Tạo khách hàng mới','Create New Customer'),(981,2,'Tạo kiện','创建货件'),(982,3,'Tạo kiện','Create Package'),(983,2,'Tạo kiện hàng','创建货件'),(984,3,'Tạo kiện hàng','Create Package'),(985,2,'Tạo kiện mới','创建新货件'),(986,3,'Tạo kiện mới','Create New Package'),(987,2,'Tạo mới','新建'),(988,3,'Tạo mới','Create New'),(989,2,'Tạo tài khoản khách hàng mới','创建新客户账号'),(990,3,'Tạo tài khoản khách hàng mới','Create New Customer Account'),(991,2,'Tất cả','全部'),(992,3,'Tất cả','All'),(993,2,'Tất cả kiện hàng sẽ chuyển sang trạng thái Kho VN','所有货件将转为越南仓库状态'),(994,3,'Tất cả kiện hàng sẽ chuyển sang trạng thái Kho VN','All packages will change to VN Warehouse status'),(995,2,'Tất cả kiện hàng trong chuyến sẽ chuyển sang trạng thái Đang vận chuyển','车次中所有货件将转为运输中状态'),(996,3,'Tất cả kiện hàng trong chuyến sẽ chuyển sang trạng thái Đang vận chuyển','All packages in shipment will change to In Transit status'),(997,2,'Tất cả kiện trong bao sẽ chuyển sang trạng thái đang vận chuyển','包裹内所有货件将转为运输中状态'),(998,3,'Tất cả kiện trong bao sẽ chuyển sang trạng thái đang vận chuyển','All items in bag will change to In Transit status'),(999,2,'Tất cả trạng thái kho Trung Quốc','所有中国仓库状态'),(1000,3,'Tất cả trạng thái kho Trung Quốc','All China Warehouse Statuses'),(1001,2,'TB/đơn','均/单'),(1002,3,'TB/đơn','Avg/Order'),(1003,2,'Tên đăng nhập','用户名'),(1004,3,'Tên đăng nhập','Username'),(1005,2,'Tên ngôn ngữ','语言名称'),(1006,3,'Tên ngôn ngữ','Language Name'),(1007,2,'Tên sản phẩm','产品名称'),(1008,3,'Tên sản phẩm','Product Name'),(1009,2,'Tên sản phẩm, mã hàng, mã vận đơn...','产品名称、货号、运单号...'),(1010,3,'Tên sản phẩm, mã hàng, mã vận đơn...','Product name, item code, tracking...'),(1011,2,'Tên tài xế','司机姓名'),(1012,3,'Tên tài xế','Driver Name'),(1013,2,'Tên website','网站名称'),(1014,3,'Tên website','Website Name'),(1015,2,'Tháng','月'),(1016,3,'Tháng','Month'),(1017,2,'Thành công','成功'),(1018,3,'Thành công','Success'),(1019,2,'Thanh toán','付款'),(1020,3,'Thanh toán','Payment'),(1021,2,'Thanh toán đơn hàng. Số dư giảm.','订单付款。余额减少。'),(1022,3,'Thanh toán đơn hàng. Số dư giảm.','Order payment. Balance decreases.'),(1023,2,'Thao tác','操作'),(1024,3,'Thao tác','Actions'),(1025,2,'Thêm khách hàng','添加客户'),(1026,3,'Thêm khách hàng','Add Customer'),(1027,2,'Thêm kiện','添加货件'),(1028,3,'Thêm kiện','Add Package'),(1029,2,'Thêm mới','添加'),(1030,3,'Thêm mới','Add New'),(1031,2,'Thêm ngôn ngữ','添加语言'),(1032,3,'Thêm ngôn ngữ','Add Language'),(1033,2,'Thêm nhân viên','添加员工'),(1034,3,'Thêm nhân viên','Add Staff'),(1035,2,'Thêm nhân viên mới','添加新员工'),(1036,3,'Thêm nhân viên mới','Add New Staff'),(1037,2,'Theo kg','按公斤'),(1038,3,'Theo kg','By kg'),(1039,2,'Theo m³','按立方米'),(1040,3,'Theo m³','By m³'),(1041,2,'Theo nền tảng','按平台'),(1042,3,'Theo nền tảng','By Platform'),(1043,2,'Theo trạng thái','按状态'),(1044,3,'Theo trạng thái','By Status'),(1045,2,'Thời gian','时间'),(1046,3,'Thời gian','Time'),(1047,2,'Thông báo','通知'),(1048,3,'Thông báo','Notifications'),(1049,2,'Thống kê','统计'),(1050,3,'Thống kê','Statistics'),(1051,2,'Thống kê cân nặng','重量统计'),(1052,3,'Thống kê cân nặng','Weight Statistics'),(1053,2,'Thống kê giao hàng','交付统计'),(1054,3,'Thống kê giao hàng','Delivery Statistics'),(1055,2,'Thông tin bao','包裹信息'),(1056,3,'Thông tin bao','Bag Info'),(1057,2,'Thông tin chuyến','车次信息'),(1058,3,'Thông tin chuyến','Shipment Info'),(1059,2,'Thông tin đơn hàng','订单信息'),(1060,3,'Thông tin đơn hàng','Order Info'),(1061,2,'Thông tin giao dịch','交易信息'),(1062,3,'Thông tin giao dịch','Transaction Info'),(1063,2,'Thông tin hệ thống','系统信息'),(1064,3,'Thông tin hệ thống','System Info'),(1065,2,'Thông tin khách hàng','客户信息'),(1066,3,'Thông tin khách hàng','Customer Info'),(1067,2,'Thông tin kiện hàng','货件信息'),(1068,3,'Thông tin kiện hàng','Package Info'),(1069,2,'Thông tin liên hệ','联系方式'),(1070,3,'Thông tin liên hệ','Contact Info'),(1071,2,'Thông tin lương','工资信息'),(1072,3,'Thông tin lương','Salary Info'),(1073,2,'Thông tin nhân viên','员工信息'),(1074,3,'Thông tin nhân viên','Staff Info'),(1075,2,'Thông tin tài khoản','账号信息'),(1076,3,'Thông tin tài khoản','Account Info'),(1077,2,'Thực nhận','实发'),(1078,3,'Thực nhận','Net Pay'),(1079,2,'Thường','奖金'),(1080,3,'Thường','Bonus'),(1081,2,'Tích cước đơn hàng','订单运费计算'),(1082,3,'Tích cước đơn hàng','Order Freight Calculator'),(1083,2,'tich-cuoc-don-hang','tich-cuoc-don-hang'),(1084,3,'tich-cuoc-don-hang','tich-cuoc-don-hang'),(1085,2,'Tiền CNY','人民币'),(1086,3,'Tiền CNY','CNY Amount'),(1087,2,'Tiền hàng CNY','货款(人民币)'),(1088,3,'Tiền hàng CNY','Goods (CNY)'),(1089,2,'Tiền hàng VND','货款(越南盾)'),(1090,3,'Tiền hàng VND','Goods (VND)'),(1091,2,'Tiền tệ','货币'),(1092,3,'Tiền tệ','Currency'),(1093,2,'Tiếng Việt','越南语'),(1094,3,'Tiếng Việt','Vietnamese'),(1095,2,'Tìm kiếm','搜索'),(1096,3,'Tìm kiếm','Search'),(1097,2,'Tìm mã đơn / mã khách hàng...','搜索订单号/客户编号...'),(1098,3,'Tìm mã đơn / mã khách hàng...','Search order/customer code...'),(1099,2,'Tìm theo: Mã kiện hàng (PKG), Tracking QT, Tracking VN, Mã đơn hàng. Auto-submit sau 500ms.','搜索：货件编号(PKG)、国际运单号、越南运单号、订单号。500ms后自动提交。'),(1100,3,'Tìm theo: Mã kiện hàng (PKG), Tracking QT, Tracking VN, Mã đơn hàng. Auto-submit sau 500ms.','Search: Package code (PKG), Intl. tracking, VN tracking, Order code. Auto-submit after 500ms.'),(1101,2,'Tìm theo: Mã kiện hàng (PKG), Tracking TQ, Mã đơn hàng. Auto-submit sau 500ms.','搜索：货件编号(PKG)、中国运单号、订单号。500ms后自动提交。'),(1102,3,'Tìm theo: Mã kiện hàng (PKG), Tracking TQ, Mã đơn hàng. Auto-submit sau 500ms.','Search: Package code (PKG), CN tracking, Order code. Auto-submit after 500ms.'),(1103,2,'Tính cước','运费计算'),(1104,3,'Tính cước','Calculate Freight'),(1105,2,'Tình trạng kho','仓库状况'),(1106,3,'Tình trạng kho','Warehouse Status'),(1107,2,'Tình trạng kiện hàng','货件状况'),(1108,3,'Tình trạng kiện hàng','Package Status'),(1109,2,'Tối thiểu 6 ký tự','最少6个字符'),(1110,3,'Tối thiểu 6 ký tự','Minimum 6 characters'),(1111,2,'Tổng','合计'),(1112,3,'Tổng','TOTAL'),(1113,2,'Tổng cân','总重量'),(1114,3,'Tổng cân','Total Weight'),(1115,2,'Tổng cân (kg)','总重量 (kg)'),(1116,3,'Tổng cân (kg)','Total Weight (kg)'),(1117,2,'Tổng cân nặng','总重量'),(1118,3,'Tổng cân nặng','Total Weight'),(1119,2,'Tổng chi tiêu','总消费'),(1120,3,'Tổng chi tiêu','Total Spending'),(1121,2,'Tổng cộng','总计'),(1122,3,'Tổng cộng','GRAND TOTAL'),(1123,2,'Tổng công nợ','总应收'),(1124,3,'Tổng công nợ','Total Debt'),(1125,2,'Tổng doanh thu','总营收'),(1126,3,'Tổng doanh thu','Total Revenue'),(1127,2,'Tổng đơn','总订单'),(1128,3,'Tổng đơn','Total Orders'),(1129,2,'Tổng đơn hàng','总订单'),(1130,3,'Tổng đơn hàng','Total Orders'),(1131,2,'Tổng giao dịch','总交易'),(1132,3,'Tổng giao dịch','Total Transactions'),(1133,2,'Tổng hoàn tiền','总退款'),(1134,3,'Tổng hoàn tiền','Total Refunds'),(1135,2,'Tổng kết','汇总'),(1136,3,'Tổng kết','Summary'),(1137,2,'Tổng key','总Key数'),(1138,3,'Tổng key','Total Keys'),(1139,2,'Tổng khách hàng','总客户'),(1140,3,'Tổng khách hàng','Total Customers'),(1141,2,'Tổng khối','总体积'),(1142,3,'Tổng khối','Total Volume'),(1143,2,'Tổng kiện','总件数'),(1144,3,'Tổng kiện','Total Packages'),(1145,2,'Tổng kiện chờ','待处理货件'),(1146,3,'Tổng kiện chờ','Pending Packages'),(1147,2,'Tổng lương tháng','月工资总额'),(1148,3,'Tổng lương tháng','Monthly Payroll Total'),(1149,2,'Tổng nạp','总充值'),(1150,3,'Tổng nạp','Total Deposits'),(1151,2,'Tổng nạp tiền','总充值'),(1152,3,'Tổng nạp tiền','Total Deposits'),(1153,2,'Tổng nợ','总欠款'),(1154,3,'Tổng nợ','Total Debt'),(1155,2,'Tổng phí','总费用'),(1156,3,'Tổng phí','Total Fees'),(1157,2,'Tổng quan','概览'),(1158,3,'Tổng quan','Overview'),(1159,2,'Tổng quan tài chính','财务概览'),(1160,3,'Tổng quan tài chính','Finance Overview'),(1161,2,'Tổng quét','总扫描'),(1162,3,'Tổng quét','Total Scanned'),(1163,2,'Tổng số khối','总体积'),(1164,3,'Tổng số khối','Total Volume'),(1165,2,'Tổng thanh toán','总付款'),(1166,3,'Tổng thanh toán','Total Payments'),(1167,2,'Tổng tiền','总金额'),(1168,3,'Tổng tiền','Total Amount'),(1169,2,'Tổng VND','总越南盾'),(1170,3,'Tổng VND','Total VND'),(1171,2,'Top khách hàng','优质客户'),(1172,3,'Top khách hàng','Top Customers'),(1173,2,'Top khách hàng chi tiêu','消费最多的客户'),(1174,3,'Top khách hàng chi tiêu','Top Spending Customers'),(1175,2,'Top khách hàng trong kỳ','期间优质客户'),(1176,3,'Top khách hàng trong kỳ','Top Customers in Period'),(1177,2,'Tra cứu','查询'),(1178,3,'Tra cứu','Lookup'),(1179,2,'Tra cứu đơn hàng','查询订单'),(1180,3,'Tra cứu đơn hàng','Track Order'),(1181,2,'Tra cứu đơn hàng (không cần đăng nhập)','查询订单（无需登录）'),(1182,3,'Tra cứu đơn hàng (không cần đăng nhập)','Track Order (no login required)'),(1183,2,'Tracking & Kiện hàng','运单号与货件'),(1184,3,'Tracking & Kiện hàng','Tracking & Packages'),(1185,2,'Tracking QT','国际运单号'),(1186,3,'Tracking QT','Intl. Tracking'),(1187,2,'Tracking QT cho kiện mới','新货件的国际运单号'),(1188,3,'Tracking QT cho kiện mới','Intl. tracking for new package'),(1189,2,'Tracking TQ','中国运单号'),(1190,3,'Tracking TQ','CN Tracking'),(1191,2,'Tracking VN','越南运单号'),(1192,3,'Tracking VN','VN Tracking'),(1193,2,'Trạng thái','状态'),(1194,3,'Trạng thái','Status'),(1195,2,'Trạng thái đơn hàng','订单状态'),(1196,3,'Trạng thái đơn hàng','Order Status'),(1197,2,'Trạng thái website','网站状态'),(1198,3,'Trạng thái website','Website Status'),(1199,2,'trọng tải','载重'),(1200,3,'trọng tải','capacity'),(1201,2,'Trọng tải tối đa','最大载重'),(1202,3,'Trọng tải tối đa','Max Capacity'),(1203,2,'Trọng tải tối đa (kg)','最大载重 (kg)'),(1204,3,'Trọng tải tối đa (kg)','Max Capacity (kg)'),(1205,2,'Trùng','重复'),(1206,3,'Trùng','Duplicate'),(1207,2,'Truy cập nhanh','快速访问'),(1208,3,'Truy cập nhanh','Quick Access'),(1209,2,'Từ','从'),(1210,3,'Từ','From'),(1211,2,'Từ ngày','从日期'),(1212,3,'Từ ngày','From Date'),(1213,2,'Tuần','周'),(1214,3,'Tuần','Week'),(1215,2,'tùy chọn','可选'),(1216,3,'tùy chọn','optional'),(1217,2,'Tuyến đường','路线'),(1218,3,'Tuyến đường','Route'),(1219,2,'Tỷ giá','汇率'),(1220,3,'Tỷ giá','Exchange Rate'),(1221,2,'Tỷ giá CNY','人民币汇率'),(1222,3,'Tỷ giá CNY','CNY Rate'),(1223,2,'Tỷ giá CNY → VND','人民币→越南盾汇率'),(1224,3,'Tỷ giá CNY → VND','CNY → VND Rate'),(1225,2,'Tỷ giá hiện tại','当前汇率'),(1226,3,'Tỷ giá hiện tại','Current Rate'),(1227,2,'Username','用户名'),(1228,3,'Username','Username'),(1229,2,'và tất cả bản dịch liên quan','及所有相关翻译'),(1230,3,'và tất cả bản dịch liên quan','and all related translations'),(1231,2,'Vai trò','角色'),(1232,3,'Vai trò','Role'),(1233,2,'Vận chuyển','运输'),(1234,3,'Vận chuyển','Shipping'),(1235,2,'VD: 29C-12345','例: 粤A12345'),(1236,3,'VD: 29C-12345','e.g. 29C-12345'),(1237,2,'VD: Nạp tiền chuyển khoản VCB, Thanh toán đơn DH001...','例：VCB转账充值、支付订单DH001...'),(1238,3,'VD: Nạp tiền chuyển khoản VCB, Thanh toán đơn DH001...','e.g. Bank transfer deposit, Payment for order DH001...'),(1239,2,'VD: Quảng Châu - Hà Nội','例: 广州 - 河内'),(1240,3,'VD: Quảng Châu - Hà Nội','e.g. Guangzhou - Hanoi'),(1241,2,'Vui lòng chọn hành động','请选择操作'),(1242,3,'Vui lòng chọn hành động','Please select an action'),(1243,2,'Vui lòng chọn ít nhất 1 đơn hàng hoặc kiện hàng','请至少选择1个订单或货件'),(1244,3,'Vui lòng chọn ít nhất 1 đơn hàng hoặc kiện hàng','Please select at least 1 order or package'),(1245,2,'Vui lòng chọn ít nhất 1 kiện hàng','请至少选择1个货件'),(1246,3,'Vui lòng chọn ít nhất 1 kiện hàng','Please select at least 1 package'),(1247,2,'Vui lòng chọn một chuyến xe','请选择一个车次'),(1248,3,'Vui lòng chọn một chuyến xe','Please select a shipment'),(1249,2,'Vui lòng chọn trạng thái','请选择状态'),(1250,3,'Vui lòng chọn trạng thái','Please select a status'),(1251,2,'Vui lòng kiểm tra lại mã đơn hàng','请检查订单编号'),(1252,3,'Vui lòng kiểm tra lại mã đơn hàng','Please check the order code'),(1253,2,'Vui lòng nhập biển số xe','请输入车牌号'),(1254,3,'Vui lòng nhập biển số xe','Please enter license plate'),(1255,2,'Vui lòng nhập đầy đủ thông tin','请填写完整信息'),(1256,3,'Vui lòng nhập đầy đủ thông tin','Please fill in all required fields'),(1257,2,'Vui lòng nhập mã đơn hàng','请输入订单编号'),(1258,3,'Vui lòng nhập mã đơn hàng','Please enter order code'),(1259,2,'Vui lòng thử lại','请重试'),(1260,3,'Vui lòng thử lại','Please try again'),(1261,2,'Xác nhận','确认'),(1262,3,'Xác nhận','Confirm'),(1263,2,'Xác nhận cập nhật hàng loạt?','确认批量更新？'),(1264,3,'Xác nhận cập nhật hàng loạt?','Confirm bulk update?'),(1265,2,'Xác nhận cập nhật?','确认更新？'),(1266,3,'Xác nhận cập nhật?','Confirm update?'),(1267,2,'Xác nhận đã đến?','确认已到达？'),(1268,3,'Xác nhận đã đến?','Confirm arrived?'),(1269,2,'Xác nhận giao','确认交付'),(1270,3,'Xác nhận giao','Confirm Delivery'),(1271,2,'Xác nhận giao hàng','确认交付'),(1272,3,'Xác nhận giao hàng','Confirm Delivery'),(1273,2,'Xác nhận hàng loạt','批量确认'),(1274,3,'Xác nhận hàng loạt','Bulk Confirm'),(1275,2,'Xác nhận lương này?','确认此工资？'),(1276,3,'Xác nhận lương này?','Confirm this salary?'),(1277,2,'Xác nhận mật khẩu','确认密码'),(1278,3,'Xác nhận mật khẩu','Confirm Password'),(1279,2,'Xác nhận mật khẩu mới','确认新密码'),(1280,3,'Xác nhận mật khẩu mới','Confirm New Password'),(1281,2,'Xác nhận tạo giao dịch?','确认创建交易？'),(1282,3,'Xác nhận tạo giao dịch?','Confirm create transaction?'),(1283,2,'Xác nhận xóa chuyến xe?','确认删除车次？'),(1284,3,'Xác nhận xóa chuyến xe?','Confirm delete shipment?'),(1285,2,'Xác nhận xóa?','确认删除？'),(1286,3,'Xác nhận xóa?','Confirm delete?'),(1287,2,'Xác nhận xuất phát?','确认出发？'),(1288,3,'Xác nhận xuất phát?','Confirm departure?'),(1289,2,'Xem','查看'),(1290,3,'Xem','View'),(1291,2,'Xem chuyến xe','查看车次'),(1292,3,'Xem chuyến xe','View Shipment'),(1293,2,'Xem tất cả','查看全部'),(1294,3,'Xem tất cả','View All'),(1295,2,'Xem trước','预览'),(1296,3,'Xem trước','Preview'),(1297,2,'Xếp xe','装车'),(1298,3,'Xếp xe','Load'),(1299,2,'Xếp xe vận chuyển','装车运输'),(1300,3,'Xếp xe vận chuyển','Load Shipment'),(1301,2,'Xin chào','您好'),(1302,3,'Xin chào','Hello'),(1303,2,'Xóa','删除'),(1304,3,'Xóa','Delete'),(1305,2,'Xóa ảnh này?','删除此图片？'),(1306,3,'Xóa ảnh này?','Delete this image?'),(1307,2,'Xóa bản ghi lương này?','删除此工资记录？'),(1308,3,'Xóa bản ghi lương này?','Delete this salary record?'),(1309,2,'Xóa bao','删除包裹'),(1310,3,'Xóa bao','Delete Bag'),(1311,2,'Xóa bao hàng?','删除包裹？'),(1312,3,'Xóa bao hàng?','Delete bag?'),(1313,2,'Xóa kiện','删除货件'),(1314,3,'Xóa kiện','Delete Package'),(1315,2,'Xóa kiện hàng','删除货件'),(1316,3,'Xóa kiện hàng','Delete Package'),(1317,2,'Xóa lịch sử quét?','删除扫描记录？'),(1318,3,'Xóa lịch sử quét?','Delete scan history?'),(1319,2,'Xóa log','删除日志'),(1320,3,'Xóa log','Delete Log'),(1321,2,'Xóa ngôn ngữ','删除语言'),(1322,3,'Xóa ngôn ngữ','Delete Language'),(1323,2,'Xuất','出库'),(1324,3,'Xuất','Export'),(1325,2,'Xuất bao','出包'),(1326,3,'Xuất bao','Export Bag'),(1327,2,'Xuất Excel','导出Excel'),(1328,3,'Xuất Excel','Export Excel'),(1329,2,'Xuất kho Trung Quốc','出库中国仓'),(1330,3,'Xuất kho Trung Quốc','China Warehouse Out'),(1331,2,'Xuất phát','出发'),(1332,3,'Xuất phát','Depart'),(1333,2,'Xuất vận chuyển','出库运输'),(1334,3,'Xuất vận chuyển','Ship Out'),(1335,2,'Xuất vận chuyển?','确认出库运输？'),(1336,3,'Xuất vận chuyển?','Ship out?');
/*!40000 ALTER TABLE `translate` ENABLE KEYS */;
UNLOCK TABLES;

--
-- Table structure for table `users`
--

DROP TABLE IF EXISTS `users`;
/*!40101 SET @saved_cs_client     = @@character_set_client */;
/*!40101 SET character_set_client = utf8 */;
CREATE TABLE `users` (
  `id` int(11) NOT NULL AUTO_INCREMENT,
  `username` varchar(100) NOT NULL,
  `email` varchar(255) DEFAULT NULL,
  `password` varchar(255) NOT NULL,
  `fullname` varchar(255) DEFAULT NULL,
  `phone` varchar(20) DEFAULT NULL,
  `token` varchar(255) DEFAULT NULL,
  `role` enum('admin','staffcn','staffvn','customer') NOT NULL DEFAULT 'customer',
  `banned` tinyint(1) NOT NULL DEFAULT 0,
  `active` tinyint(1) NOT NULL DEFAULT 1,
  `language` varchar(5) DEFAULT 'vi',
  `ip` varchar(45) DEFAULT NULL,
  `device` varchar(500) DEFAULT NULL,
  `time_session` int(11) DEFAULT 0,
  `otp` varchar(10) DEFAULT NULL,
  `otp_token` varchar(255) DEFAULT NULL,
  `create_date` datetime DEFAULT current_timestamp(),
  `update_date` datetime DEFAULT current_timestamp() ON UPDATE current_timestamp(),
  PRIMARY KEY (`id`),
  UNIQUE KEY `username` (`username`)
) ENGINE=InnoDB AUTO_INCREMENT=24 DEFAULT CHARSET=utf8mb4 COLLATE=utf8mb4_unicode_ci;
/*!40101 SET character_set_client = @saved_cs_client */;

--
-- Dumping data for table `users`
--

LOCK TABLES `users` WRITE;
/*!40000 ALTER TABLE `users` DISABLE KEYS */;
INSERT INTO `users` VALUES (1,'admin','admin@cms01.com','$2y$10$kF3ULEwPLWIC9VQDAP.WM.4EGn2eFBoBANAO3uO2dzl5yf243ffVy','Administrator',NULL,'097cfac53b62048606c7dbc96bf7e477bfb148891e6830ec04cf923ae27b1fd9','admin',0,1,'vi','::1','Mozilla/5.0 (Windows NT 10.0; Win64; x64) AppleWebKit/537.36 (KHTML, like Gecko) Chrome/145.0.0.0 Safari/537.36',1771852080,NULL,NULL,'2026-02-21 22:48:52','2026-02-23 20:08:00'),(14,'kho_cn01',NULL,'$2y$10$kF3ULEwPLWIC9VQDAP.WM.4EGn2eFBoBANAO3uO2dzl5yf243ffVy','Nguyễn Văn Hùng','0901000001',NULL,'staffcn',0,1,'vi',NULL,NULL,0,NULL,NULL,'2026-02-22 23:25:47','2026-02-22 23:25:47'),(15,'kho_cn02',NULL,'$2y$10$kF3ULEwPLWIC9VQDAP.WM.4EGn2eFBoBANAO3uO2dzl5yf243ffVy','Trần Minh Tuấn','0901000002',NULL,'staffcn',0,1,'vi',NULL,NULL,0,NULL,NULL,'2026-02-22 23:25:47','2026-02-22 23:25:47'),(16,'kho_cn03',NULL,'$2y$10$kF3ULEwPLWIC9VQDAP.WM.4EGn2eFBoBANAO3uO2dzl5yf243ffVy','Lê Thanh Bình','0901000003',NULL,'staffcn',0,1,'vi',NULL,NULL,0,NULL,NULL,'2026-02-22 23:25:47','2026-02-22 23:25:47'),(17,'kho_cn04',NULL,'$2y$10$kF3ULEwPLWIC9VQDAP.WM.4EGn2eFBoBANAO3uO2dzl5yf243ffVy','Phạm Đức Anh','0901000004',NULL,'staffcn',0,1,'vi',NULL,NULL,0,NULL,NULL,'2026-02-22 23:25:47','2026-02-22 23:25:47'),(18,'kho_cn05',NULL,'$2y$10$kF3ULEwPLWIC9VQDAP.WM.4EGn2eFBoBANAO3uO2dzl5yf243ffVy','Hoàng Quốc Việt','0901000005',NULL,'staffcn',0,1,'vi',NULL,NULL,0,NULL,NULL,'2026-02-22 23:25:47','2026-02-22 23:25:47'),(19,'kho_cn06',NULL,'$2y$10$kF3ULEwPLWIC9VQDAP.WM.4EGn2eFBoBANAO3uO2dzl5yf243ffVy','Vũ Thị Lan','0901000006',NULL,'staffcn',0,1,'vi',NULL,NULL,0,NULL,NULL,'2026-02-22 23:25:47','2026-02-22 23:25:47'),(20,'kho_cn07',NULL,'$2y$10$kF3ULEwPLWIC9VQDAP.WM.4EGn2eFBoBANAO3uO2dzl5yf243ffVy','Đỗ Công Thành','0901000007',NULL,'staffcn',0,1,'vi',NULL,NULL,0,NULL,NULL,'2026-02-22 23:25:47','2026-02-22 23:25:47'),(21,'kho_cn08',NULL,'$2y$10$kF3ULEwPLWIC9VQDAP.WM.4EGn2eFBoBANAO3uO2dzl5yf243ffVy','Bùi Quang Hải','0901000008',NULL,'staffcn',0,1,'vi',NULL,NULL,0,NULL,NULL,'2026-02-22 23:25:47','2026-02-22 23:25:47'),(22,'kho_cn09',NULL,'$2y$10$kF3ULEwPLWIC9VQDAP.WM.4EGn2eFBoBANAO3uO2dzl5yf243ffVy','Ngô Thị Mai','0901000009',NULL,'staffcn',0,1,'vi',NULL,NULL,0,NULL,NULL,'2026-02-22 23:25:47','2026-02-22 23:25:47'),(23,'kho_cn10',NULL,'$2y$10$kF3ULEwPLWIC9VQDAP.WM.4EGn2eFBoBANAO3uO2dzl5yf243ffVy','Đinh Văn Long','0901000010',NULL,'staffcn',0,1,'vi',NULL,NULL,0,NULL,NULL,'2026-02-22 23:25:47','2026-02-22 23:25:47');
/*!40000 ALTER TABLE `users` ENABLE KEYS */;
UNLOCK TABLES;
/*!40103 SET TIME_ZONE=@OLD_TIME_ZONE */;

/*!40101 SET SQL_MODE=@OLD_SQL_MODE */;
/*!40014 SET FOREIGN_KEY_CHECKS=@OLD_FOREIGN_KEY_CHECKS */;
/*!40014 SET UNIQUE_CHECKS=@OLD_UNIQUE_CHECKS */;
/*!40101 SET CHARACTER_SET_CLIENT=@OLD_CHARACTER_SET_CLIENT */;
/*!40101 SET CHARACTER_SET_RESULTS=@OLD_CHARACTER_SET_RESULTS */;
/*!40101 SET COLLATION_CONNECTION=@OLD_COLLATION_CONNECTION */;
/*!40111 SET SQL_NOTES=@OLD_SQL_NOTES */;

-- Dump completed on 2026-02-23 20:12:01
